building_id,room_id,room_type,capacity,temperature,humidity,occupancy,energy_consumption,hvac_energy,lighting_energy,equipment_energy,other_energy,hvac_status,hvac_setpoint,equipment_status,outdoor_temperature,outdoor_humidity,timestamp
B001,R001,Office,12,23.52,59.85,5,0.154,0.0,0.017,0.121,0.016,OFF,24,Warning,21.21,74.75,2026-08-28 00:00:00
B001,R002,Meeting Room,10,23.47,57.75,0,0.087,0.0,0.006,0.062,0.019,OFF,24,Normal,21.25,69.09,2026-08-28 00:00:00
B001,R003,Server Room,3,21.84,58.87,2,0.662,0.0,0.006,0.639,0.017,OFF,22,Normal,21.78,74.21,2026-08-28 00:00:00
B002,R001,Office,12,23.56,58.72,0,0.114,0.0,0.008,0.088,0.019,OFF,24,Normal,21.130000000000003,73.75,2026-08-28 00:00:00
B002,R002,Meeting Room,10,23.62,59.79,0,0.079,0.0,0.006,0.061,0.012,OFF,24,Normal,21.93,72.41,2026-08-28 00:00:00
B002,R003,Server Room,3,21.86,58.42,2,0.673,0.0,0.006,0.654,0.013,OFF,22,Normal,21.270000000000003,70.57,2026-08-28 00:00:00
B003,R001,Office,12,23.35,57.68,1,0.12,0.0,0.01,0.097,0.014,OFF,24,Normal,20.35,71.22,2026-08-28 00:00:00
B003,R002,Meeting Room,10,23.41,56.33,2,0.095,0.0,0.01,0.073,0.012,OFF,24,Normal,19.87,70.94,2026-08-28 00:00:00
B003,R003,Server Room,3,21.97,59.08,0,0.646,0.0,0.002,0.631,0.013,OFF,22,Normal,20.55,73.37,2026-08-28 00:00:00
B001,R001,Office,12,23.23,61.08,6,0.164,0.0,0.019,0.129,0.016,OFF,24,Normal,20.82,72.34,2026-08-28 00:15:00
B001,R002,Meeting Room,10,23.43,57.85,0,0.082,0.0,0.006,0.063,0.013,OFF,24,Normal,21.78,72.23,2026-08-28 00:15:00
B001,R003,Server Room,3,22.05,58.92,0,0.64,0.0,0.002,0.625,0.013,OFF,22,Normal,20.48,72.88,2026-08-28 00:15:00
B002,R001,Office,12,23.55,59.01,2,0.125,0.0,0.011,0.098,0.016,OFF,24,Normal,22.450000000000003,69.89,2026-08-28 00:15:00
B002,R002,Meeting Room,10,23.58,58.34,1,0.088,0.0,0.008,0.067,0.013,OFF,24,Normal,20.740000000000002,71.15,2026-08-28 00:15:00
B002,R003,Server Room,3,21.89,57.44,2,0.68,0.0,0.006,0.655,0.019,OFF,22,Normal,22.270000000000003,69.39,2026-08-28 00:15:00
B003,R001,Office,12,23.36,57.06,0,0.106,0.0,0.007,0.087,0.011,OFF,24,Normal,20.400000000000002,72.07,2026-08-28 00:15:00
B003,R002,Meeting Room,10,23.34,61.76,2,0.102,0.0,0.01,0.076,0.016,OFF,24,Normal,20.490000000000002,76.04,2026-08-28 00:15:00
B003,R003,Server Room,3,21.83,61.93,0,0.627,0.0,0.002,0.611,0.015,OFF,22,Normal,19.970000000000002,78.04,2026-08-28 00:15:00
B001,R001,Office,12,23.08,58.74,0,0.111,0.0,0.007,0.086,0.018,OFF,24,Normal,21.58,70.97,2026-08-28 00:30:00
B001,R002,Meeting Room,10,23.23,60.02,0,0.088,0.0,0.006,0.064,0.017,OFF,24,Normal,20.51,72.88,2026-08-28 00:30:00
B001,R003,Server Room,3,22.05,59.04,0,0.637,0.0,0.002,0.623,0.012,OFF,22,Normal,20.61,73.05,2026-08-28 00:30:00
B002,R001,Office,12,23.67,59.27,1,0.122,0.0,0.009,0.094,0.019,OFF,24,Normal,21.520000000000003,73.49,2026-08-28 00:30:00
B002,R002,Meeting Room,10,23.88,58.21,2,0.101,0.0,0.01,0.073,0.018,OFF,24,Normal,22.540000000000003,71.98,2026-08-28 00:30:00
B002,R003,Server Room,3,22.01,60.6,1,0.646,0.0,0.004,0.622,0.02,OFF,22,Normal,21.700000000000003,73.97,2026-08-28 00:30:00
B003,R001,Office,12,23.75,57.64,5,0.153,0.0,0.017,0.12,0.016,OFF,24,Normal,20.080000000000002,72.59,2026-08-28 00:30:00
B003,R002,Meeting Room,10,23.2,61.61,0,0.084,0.0,0.006,0.061,0.017,OFF,24,Normal,20.200000000000003,77.04,2026-08-28 00:30:00
B003,R003,Server Room,3,21.96,61.26,2,0.642,0.0,0.006,0.625,0.011,OFF,22,Normal,19.610000000000003,71.93,2026-08-28 00:30:00
B001,R001,Office,12,22.91,60.85,2,0.127,0.0,0.011,0.097,0.019,OFF,24,Normal,21.47,74.11,2026-08-28 00:45:00
B001,R002,Meeting Room,10,23.14,58.04,3,0.104,0.0,0.012,0.081,0.011,OFF,24,Normal,20.77,71.65,2026-08-28 00:45:00
B001,R003,Server Room,3,21.87,60.53,1,0.667,0.0,0.004,0.65,0.013,OFF,22,Normal,21.0,73.64,2026-08-28 00:45:00
B002,R001,Office,12,23.38,57.31,3,0.133,0.0,0.013,0.109,0.011,OFF,24,Normal,20.85,71.46,2026-08-28 00:45:00
B002,R002,Meeting Room,10,23.91,58.04,3,0.104,0.0,0.012,0.08,0.012,OFF,24,Normal,22.220000000000002,69.9,2026-08-28 00:45:00
B002,R003,Server Room,3,22.0,60.44,0,0.643,0.0,0.002,0.63,0.011,OFF,22,Normal,21.94,70.11,2026-08-28 00:45:00
B003,R001,Office,12,23.93,61.82,0,0.106,0.0,0.007,0.087,0.012,OFF,24,Normal,21.020000000000003,72.49,2026-08-28 00:45:00
B003,R002,Meeting Room,10,23.4,58.19,0,0.078,0.0,0.006,0.061,0.011,OFF,24,Normal,20.360000000000003,71.64,2026-08-28 00:45:00
B003,R003,Server Room,3,22.02,58.9,0,0.665,0.0,0.002,0.643,0.02,OFF,22,Normal,20.080000000000002,71.31,2026-08-28 00:45:00
B001,R001,Office,12,23.05,56.64,6,0.166,0.0,0.019,0.128,0.019,OFF,24,Normal,21.26,70.54,2026-08-28 01:00:00
B001,R002,Meeting Room,10,23.14,59.74,0,0.079,0.0,0.006,0.061,0.012,OFF,24,Normal,21.33,69.97,2026-08-28 01:00:00
B001,R003,Server Room,3,21.94,61.14,0,0.639,0.0,0.002,0.621,0.016,OFF,22,Normal,20.64,75.52,2026-08-28 01:00:00
B002,R001,Office,12,23.64,59.57,6,0.16,0.0,0.019,0.128,0.012,OFF,24,Normal,20.560000000000002,70.93,2026-08-28 01:00:00
B002,R002,Meeting Room,10,23.86,58.44,3,0.109,0.0,0.012,0.081,0.016,OFF,24,Normal,22.12,73.34,2026-08-28 01:00:00
B002,R003,Server Room,3,21.98,58.52,0,0.648,0.0,0.002,0.626,0.019,OFF,22,Normal,21.37,71.29,2026-08-28 01:00:00
B003,R001,Office,12,23.8,57.46,0,0.111,0.0,0.007,0.087,0.016,OFF,24,Normal,20.67,69.02,2026-08-28 01:00:00
B003,R002,Meeting Room,10,23.4,57.74,4,0.115,0.0,0.014,0.087,0.014,OFF,24,Normal,21.17,69.4,2026-08-28 01:00:00
B003,R003,Server Room,3,22.16,59.21,1,0.659,0.0,0.004,0.636,0.019,OFF,22,Normal,21.07,73.5,2026-08-28 01:00:00
B001,R001,Office,12,23.18,61.4,3,0.135,0.0,0.013,0.104,0.018,OFF,24,Normal,22.13,74.73,2026-08-28 01:15:00
B001,R002,Meeting Room,10,23.25,57.1,3,0.112,0.0,0.012,0.082,0.019,OFF,24,Normal,21.79,71.72,2026-08-28 01:15:00
B001,R003,Server Room,3,22.03,61.09,2,0.676,0.0,0.006,0.651,0.019,OFF,22,Normal,20.73,73.35,2026-08-28 01:15:00
B002,R001,Office,12,23.69,56.41,0,0.11,0.0,0.008,0.088,0.015,OFF,24,Normal,21.770000000000003,70.62,2026-08-28 01:15:00
B002,R002,Meeting Room,10,23.68,59.71,1,0.091,0.0,0.008,0.068,0.015,OFF,24,Normal,21.900000000000002,72.74,2026-08-28 01:15:00
B002,R003,Server Room,3,22.04,59.1,0,0.644,0.0,0.002,0.623,0.019,OFF,22,Normal,20.85,73.3,2026-08-28 01:15:00
B003,R001,Office,12,23.77,54.77,6,0.159,0.0,0.019,0.127,0.013,OFF,24,Normal,21.060000000000002,70.33,2026-08-28 01:15:00
B003,R002,Meeting Room,10,23.38,59.59,0,0.084,0.0,0.006,0.064,0.014,OFF,24,Normal,20.75,74.15,2026-08-28 01:15:00
B003,R003,Server Room,3,22.15,60.77,0,0.635,0.0,0.002,0.619,0.014,OFF,22,Normal,21.0,73.6,2026-08-28 01:15:00
B001,R001,Office,12,23.11,58.94,2,0.13,0.0,0.011,0.102,0.017,OFF,24,Normal,20.71,72.12,2026-08-28 01:30:00
B001,R002,Meeting Room,10,23.46,56.41,0,0.088,0.0,0.006,0.063,0.019,OFF,24,Normal,21.71,68.22,2026-08-28 01:30:00
B001,R003,Server Room,3,22.06,59.18,0,0.633,0.0,0.002,0.619,0.012,OFF,22,Normal,21.57,73.07,2026-08-28 01:30:00
B002,R001,Office,12,23.6,64.23,0,0.111,0.0,0.008,0.089,0.015,OFF,24,Normal,21.17,75.51,2026-08-28 01:30:00
B002,R002,Meeting Room,10,23.75,58.07,2,0.098,0.0,0.01,0.077,0.011,OFF,24,Normal,21.71,71.35,2026-08-28 01:30:00
B002,R003,Server Room,3,22.13,57.67,1,0.646,0.0,0.004,0.63,0.012,OFF,22,Normal,22.080000000000002,72.29,2026-08-28 01:30:00
B003,R001,Office,12,23.73,59.28,3,0.139,0.0,0.013,0.109,0.017,OFF,24,Normal,21.240000000000002,71.28,2026-08-28 01:30:00
B003,R002,Meeting Room,10,23.33,59.75,0,0.088,0.0,0.006,0.063,0.019,OFF,24,Normal,20.76,70.82,2026-08-28 01:30:00
B003,R003,Server Room,3,22.11,62.46,2,0.651,0.0,0.006,0.628,0.018,OFF,22,Normal,19.860000000000003,75.36,2026-08-28 01:30:00
B001,R001,Office,12,23.26,57.85,6,0.16,0.0,0.019,0.126,0.015,OFF,24,Normal,21.54,70.6,2026-08-28 01:45:00
B001,R002,Meeting Room,10,23.27,58.31,1,0.092,0.0,0.008,0.068,0.016,OFF,24,Normal,21.86,70.33,2026-08-28 01:45:00
B001,R003,Server Room,3,21.84,59.24,0,0.649,0.0,0.002,0.631,0.016,OFF,22,Normal,21.48,71.35,2026-08-28 01:45:00
B002,R001,Office,12,23.49,58.58,4,0.138,0.0,0.015,0.111,0.012,OFF,24,Normal,21.270000000000003,72.06,2026-08-28 01:45:00
B002,R002,Meeting Room,10,23.67,57.24,4,0.113,0.0,0.014,0.087,0.012,OFF,24,Normal,22.17,70.26,2026-08-28 01:45:00
B002,R003,Server Room,3,22.07,59.25,0,0.629,0.0,0.002,0.617,0.01,OFF,22,Normal,21.740000000000002,74.27,2026-08-28 01:45:00
B003,R001,Office,12,23.57,62.08,0,0.112,0.0,0.008,0.09,0.014,OFF,24,Normal,20.740000000000002,74.95,2026-08-28 01:45:00
B003,R002,Meeting Room,10,23.31,60.56,3,0.109,0.0,0.012,0.08,0.017,OFF,24,Normal,20.380000000000003,73.76,2026-08-28 01:45:00
B003,R003,Server Room,3,22.14,60.28,0,0.643,0.0,0.002,0.628,0.013,OFF,22,Normal,21.44,71.07,2026-08-28 01:45:00
B001,R001,Office,12,23.31,59.67,0,0.114,0.0,0.007,0.087,0.019,OFF,24,Normal,20.81,72.41,2026-08-28 02:00:00
B001,R002,Meeting Room,10,23.3,58.46,4,0.113,0.0,0.014,0.088,0.012,OFF,24,Normal,21.18,72.46,2026-08-28 02:00:00
B001,R003,Server Room,3,21.87,57.24,1,0.642,0.0,0.004,0.621,0.018,OFF,22,Normal,21.59,71.96,2026-08-28 02:00:00
B002,R001,Office,12,23.73,56.67,0,0.109,0.0,0.008,0.088,0.013,OFF,24,Normal,21.42,72.66,2026-08-28 02:00:00
B002,R002,Meeting Room,10,23.69,56.54,1,0.092,0.0,0.008,0.067,0.016,OFF,24,Normal,21.860000000000003,67.15,2026-08-28 02:00:00
B002,R003,Server Room,3,21.91,59.44,1,0.637,0.0,0.004,0.621,0.013,OFF,22,Normal,21.970000000000002,72.07,2026-08-28 02:00:00
B003,R001,Office,12,23.44,55.16,0,0.114,0.0,0.008,0.088,0.018,OFF,24,Normal,20.78,69.89,2026-08-28 02:00:00
B003,R002,Meeting Room,10,23.19,57.57,3,0.114,0.0,0.012,0.083,0.019,OFF,24,Normal,21.42,71.15,2026-08-28 02:00:00
B003,R003,Server Room,3,22.09,58.45,0,0.625,0.0,0.002,0.611,0.013,OFF,22,Normal,21.150000000000002,73.48,2026-08-28 02:00:00
B001,R001,Office,12,23.37,59.38,0,0.112,0.0,0.007,0.087,0.018,OFF,24,Normal,22.08,71.99,2026-08-28 02:15:00
B001,R002,Meeting Room,10,23.21,57.46,2,0.097,0.0,0.01,0.073,0.015,OFF,24,Normal,21.61,71.36,2026-08-28 02:15:00
B001,R003,Server Room,3,21.93,59.74,1,0.644,0.0,0.004,0.623,0.017,OFF,22,Normal,20.96,74.58,2026-08-28 02:15:00
B002,R001,Office,12,23.62,57.83,0,0.111,0.0,0.008,0.09,0.014,OFF,24,Normal,22.18,69.67,2026-08-28 02:15:00
B002,R002,Meeting Room,10,23.55,57.29,1,0.089,0.0,0.008,0.067,0.014,OFF,24,Normal,20.450000000000003,71.45,2026-08-28 02:15:00
B002,R003,Server Room,3,21.93,56.42,0,0.659,0.0,0.002,0.641,0.016,OFF,22,Normal,21.96,69.2,2026-08-28 02:15:00
B003,R001,Office,12,23.6,58.0,1,0.113,0.0,0.009,0.092,0.012,OFF,24,Normal,20.860000000000003,71.04,2026-08-28 02:15:00
B003,R002,Meeting Room,10,23.49,58.73,0,0.081,0.0,0.006,0.061,0.014,OFF,24,Normal,20.73,71.71,2026-08-28 02:15:00
B003,R003,Server Room,3,21.92,58.87,1,0.672,0.0,0.004,0.649,0.019,OFF,22,Normal,20.14,72.03,2026-08-28 02:15:00
B001,R001,Office,12,23.32,57.35,5,0.152,0.0,0.017,0.118,0.017,OFF,24,Normal,21.7,70.37,2026-08-28 02:30:00
B001,R002,Meeting Room,10,23.32,57.1,3,0.111,0.0,0.012,0.081,0.018,OFF,24,Normal,22.3,67.89,2026-08-28 02:30:00
B001,R003,Server Room,3,21.62,61.97,0,0.651,0.0,0.002,0.631,0.018,OFF,22,Normal,20.25,72.75,2026-08-28 02:30:00
B002,R001,Office,12,23.74,58.67,0,0.108,0.0,0.008,0.089,0.011,OFF,24,Normal,22.19,71.77,2026-08-28 02:30:00
B002,R002,Meeting Room,10,23.72,60.84,0,0.086,0.0,0.006,0.061,0.019,OFF,24,Normal,22.01,71.81,2026-08-28 02:30:00
B002,R003,Server Room,3,21.91,60.85,2,0.663,0.0,0.006,0.644,0.013,OFF,22,Normal,21.87,74.78,2026-08-28 02:30:00
B003,R001,Office,12,23.7,57.63,0,0.111,0.0,0.008,0.088,0.016,OFF,24,Normal,21.610000000000003,71.2,2026-08-28 02:30:00
B003,R002,Meeting Room,10,23.5,57.99,4,0.123,0.0,0.014,0.089,0.02,OFF,24,Normal,20.770000000000003,70.49,2026-08-28 02:30:00
B003,R003,Server Room,3,21.9,59.64,1,0.631,0.0,0.004,0.614,0.013,OFF,22,Normal,21.18,72.71,2026-08-28 02:30:00
B001,R001,Office,12,23.46,58.14,4,0.141,0.0,0.015,0.113,0.013,OFF,24,Normal,20.62,72.75,2026-08-28 02:45:00
B001,R002,Meeting Room,10,23.31,60.67,0,0.085,0.0,0.006,0.062,0.017,OFF,24,Normal,22.73,70.0,2026-08-28 02:45:00
B001,R003,Server Room,3,21.8,59.47,2,0.649,0.0,0.006,0.63,0.013,OFF,22,Normal,22.32,71.98,2026-08-28 02:45:00
B002,R001,Office,12,23.75,59.03,3,0.14,0.0,0.013,0.108,0.019,OFF,24,Normal,22.87,72.52,2026-08-28 02:45:00
B002,R002,Meeting Room,10,23.86,55.66,0,0.085,0.0,0.006,0.061,0.017,OFF,24,Normal,22.64,70.24,2026-08-28 02:45:00
B002,R003,Server Room,3,21.93,61.89,0,0.652,0.0,0.002,0.632,0.018,OFF,22,Normal,22.0,73.27,2026-08-28 02:45:00
B003,R001,Office,12,23.88,60.47,1,0.113,0.0,0.009,0.093,0.01,OFF,24,Normal,21.51,73.61,2026-08-28 02:45:00
B003,R002,Meeting Room,10,23.43,58.83,0,0.089,0.0,0.006,0.064,0.018,OFF,24,Normal,21.310000000000002,71.04,2026-08-28 02:45:00
B003,R003,Server Room,3,22.01,61.17,1,0.673,0.0,0.004,0.649,0.02,OFF,22,Normal,20.540000000000003,71.98,2026-08-28 02:45:00
B001,R001,Office,12,23.57,56.83,0,0.108,0.0,0.008,0.09,0.01,OFF,24,Normal,22.17,67.73,2026-08-28 03:00:00
B001,R002,Meeting Room,10,23.59,58.85,4,0.119,0.0,0.014,0.086,0.019,OFF,24,Normal,21.95,71.28,2026-08-28 03:00:00
B001,R003,Server Room,3,21.81,62.49,2,0.669,0.0,0.006,0.652,0.011,OFF,22,Normal,22.42,75.72,2026-08-28 03:00:00
B002,R001,Office,12,23.7,56.71,0,0.111,0.0,0.008,0.089,0.014,OFF,24,Normal,21.53,72.86,2026-08-28 03:00:00
B002,R002,Meeting Room,10,23.71,58.99,3,0.109,0.0,0.012,0.079,0.019,OFF,24,Normal,22.05,72.47,2026-08-28 03:00:00
B002,R003,Server Room,3,21.95,59.73,0,0.645,0.0,0.002,0.627,0.017,OFF,22,Normal,21.1,73.71,2026-08-28 03:00:00
B003,R001,Office,12,23.82,60.63,0,0.113,0.0,0.007,0.087,0.018,OFF,24,Normal,20.93,73.56,2026-08-28 03:00:00
B003,R002,Meeting Room,10,23.65,57.52,3,0.103,0.0,0.012,0.079,0.012,OFF,24,Normal,20.82,69.9,2026-08-28 03:00:00
B003,R003,Server Room,3,22.04,60.63,1,0.647,0.0,0.004,0.625,0.019,OFF,22,Normal,22.020000000000003,73.42,2026-08-28 03:00:00
B001,R001,Office,12,23.52,60.01,0,0.105,0.0,0.007,0.087,0.011,OFF,24,Normal,21.62,73.04,2026-08-28 03:15:00
B001,R002,Meeting Room,10,23.6,59.89,0,0.088,0.0,0.006,0.064,0.018,OFF,24,Normal,21.19,70.78,2026-08-28 03:15:00
B001,R003,Server Room,3,22.26,61.36,2,1.141,0.482,0.006,0.635,0.018,ON,22,Normal,21.42,74.72,2026-08-28 03:15:00
B002,R001,Office,12,23.79,56.6,3,0.128,0.0,0.013,0.104,0.011,OFF,24,Normal,22.12,69.89,2026-08-28 03:15:00
B002,R002,Meeting Room,10,23.57,58.95,1,0.09,0.0,0.008,0.069,0.013,OFF,24,Normal,21.57,70.39,2026-08-28 03:15:00
B002,R003,Server Room,3,21.83,56.4,0,0.656,0.0,0.002,0.639,0.016,OFF,22,Normal,22.310000000000002,71.05,2026-08-28 03:15:00
B003,R001,Office,12,23.84,56.81,2,0.127,0.0,0.011,0.099,0.017,OFF,24,Normal,21.64,70.66,2026-08-28 03:15:00
B003,R002,Meeting Room,10,23.58,60.71,2,0.094,0.0,0.01,0.073,0.011,OFF,24,Normal,21.21,76.95,2026-08-28 03:15:00
B003,R003,Server Room,3,22.04,58.1,0,0.649,0.0,0.002,0.627,0.02,OFF,22,Normal,21.23,70.07,2026-08-28 03:15:00
B001,R001,Office,12,23.59,60.88,1,0.115,0.0,0.009,0.093,0.012,OFF,24,Normal,21.27,74.06,2026-08-28 03:30:00
B001,R002,Meeting Room,10,23.54,55.59,2,0.102,0.0,0.01,0.076,0.016,OFF,24,Normal,21.72,69.23,2026-08-28 03:30:00
B001,R003,Server Room,3,22.24,56.39,1,0.636,0.0,0.004,0.619,0.013,OFF,22,Normal,22.04,72.29,2026-08-28 03:30:00
B002,R001,Office,12,23.75,55.44,0,0.106,0.0,0.008,0.088,0.011,OFF,24,Normal,22.14,71.37,2026-08-28 03:30:00
B002,R002,Meeting Room,10,23.55,59.65,4,0.121,0.0,0.014,0.088,0.02,OFF,24,Normal,21.96,72.34,2026-08-28 03:30:00
B002,R003,Server Room,3,21.94,61.01,0,0.638,0.0,0.002,0.622,0.014,OFF,22,Normal,22.71,74.78,2026-08-28 03:30:00
B003,R001,Office,12,23.66,59.43,0,0.107,0.0,0.008,0.088,0.011,OFF,24,Normal,20.950000000000003,72.72,2026-08-28 03:30:00
B003,R002,Meeting Room,10,23.62,61.97,2,0.094,0.0,0.01,0.074,0.01,OFF,24,Normal,20.82,71.71,2026-08-28 03:30:00
B003,R003,Server Room,3,22.0,57.44,0,0.639,0.0,0.002,0.622,0.015,OFF,22,Normal,21.34,68.62,2026-08-28 03:30:00
B001,R001,Office,12,23.65,57.62,0,0.116,0.0,0.008,0.09,0.019,OFF,24,Normal,22.08,72.23,2026-08-28 03:45:00
B001,R002,Meeting Room,10,23.44,56.87,4,0.114,0.0,0.014,0.087,0.014,OFF,24,Normal,21.85,70.76,2026-08-28 03:45:00
B001,R003,Server Room,3,22.13,59.54,1,0.666,0.0,0.004,0.647,0.015,OFF,22,Normal,21.49,73.05,2026-08-28 03:45:00
B002,R001,Office,12,23.77,55.86,0,0.105,0.0,0.007,0.086,0.011,OFF,24,Normal,22.110000000000003,68.34,2026-08-28 03:45:00
B002,R002,Meeting Room,10,23.68,58.41,4,0.118,0.0,0.014,0.089,0.015,OFF,24,Normal,22.290000000000003,69.09,2026-08-28 03:45:00
B002,R003,Server Room,3,21.77,59.16,1,0.665,0.0,0.004,0.645,0.017,OFF,22,Normal,21.17,73.43,2026-08-28 03:45:00
B003,R001,Office,12,23.54,59.81,0,0.105,0.0,0.007,0.085,0.012,OFF,24,Normal,21.35,72.61,2026-08-28 03:45:00
B003,R002,Meeting Room,10,23.82,60.57,4,0.114,0.0,0.014,0.089,0.011,OFF,24,Normal,21.040000000000003,74.04,2026-08-28 03:45:00
B003,R003,Server Room,3,21.81,58.38,0,0.66,0.0,0.002,0.64,0.018,OFF,22,Normal,20.8,70.43,2026-08-28 03:45:00
B001,R001,Office,12,23.47,62.59,0,0.109,0.0,0.007,0.085,0.016,OFF,24,Normal,21.29,75.38,2026-08-28 04:00:00
B001,R002,Meeting Room,10,23.37,59.33,2,0.1,0.0,0.01,0.077,0.013,OFF,24,Normal,21.79,73.54,2026-08-28 04:00:00
B001,R003,Server Room,3,22.26,59.32,1,1.125,0.478,0.004,0.624,0.019,ON,22,Normal,21.79,71.31,2026-08-28 04:00:00
B002,R001,Office,12,23.77,57.08,6,0.161,0.0,0.019,0.126,0.016,OFF,24,Normal,22.48,71.11,2026-08-28 04:00:00
B002,R002,Meeting Room,10,24.1,59.17,0,0.086,0.0,0.006,0.061,0.019,OFF,24,Normal,23.16,74.24,2026-08-28 04:00:00
B002,R003,Server Room,3,21.72,61.79,0,0.651,0.0,0.002,0.635,0.014,OFF,22,Normal,22.520000000000003,71.98,2026-08-28 04:00:00
B003,R001,Office,12,23.5,60.93,1,0.118,0.0,0.009,0.094,0.015,OFF,24,Normal,21.91,72.0,2026-08-28 04:00:00
B003,R002,Meeting Room,10,23.88,56.96,4,0.115,0.0,0.013,0.086,0.016,OFF,24,Normal,20.89,71.51,2026-08-28 04:00:00
B003,R003,Server Room,3,21.98,56.25,0,0.632,0.0,0.002,0.62,0.01,OFF,22,Normal,21.37,69.38,2026-08-28 04:00:00
B001,R001,Office,12,23.52,59.49,4,0.147,0.0,0.015,0.113,0.019,OFF,24,Normal,22.11,70.96,2026-08-28 04:15:00
B001,R002,Meeting Room,10,23.39,58.94,0,0.083,0.0,0.006,0.064,0.013,OFF,24,Normal,22.57,68.78,2026-08-28 04:15:00
B001,R003,Server Room,3,22.2,61.55,0,0.622,0.0,0.002,0.607,0.013,OFF,22,Normal,20.9,73.85,2026-08-28 04:15:00
B002,R001,Office,12,23.88,58.7,2,0.125,0.0,0.012,0.103,0.011,OFF,24,Normal,22.25,71.98,2026-08-28 04:15:00
B002,R002,Meeting Room,10,24.1,57.34,4,0.121,0.0,0.014,0.089,0.019,OFF,24,Normal,22.1,69.14,2026-08-28 04:15:00
B002,R003,Server Room,3,21.84,57.55,1,0.661,0.0,0.004,0.644,0.013,OFF,22,Normal,22.470000000000002,69.9,2026-08-28 04:15:00
B003,R001,Office,12,23.59,57.96,1,0.113,0.0,0.009,0.091,0.013,OFF,24,Normal,21.53,69.58,2026-08-28 04:15:00
B003,R002,Meeting Room,10,24.03,59.34,0,0.082,0.0,0.006,0.061,0.016,OFF,24,Normal,21.770000000000003,69.87,2026-08-28 04:15:00
B003,R003,Server Room,3,21.82,60.48,0,0.636,0.0,0.002,0.622,0.012,OFF,22,Normal,21.630000000000003,73.11,2026-08-28 04:15:00
B001,R001,Office,12,23.39,59.01,2,0.127,0.0,0.011,0.099,0.017,OFF,24,Normal,21.56,74.69,2026-08-28 04:30:00
B001,R002,Meeting Room,10,23.5,60.23,0,0.084,0.0,0.006,0.063,0.015,OFF,24,Normal,21.14,70.95,2026-08-28 04:30:00
B001,R003,Server Room,3,22.19,57.15,1,0.63,0.0,0.004,0.614,0.013,OFF,22,Normal,22.09,71.33,2026-08-28 04:30:00
B002,R001,Office,12,23.54,59.34,1,0.117,0.0,0.009,0.092,0.015,OFF,24,Normal,23.740000000000002,73.21,2026-08-28 04:30:00
B002,R002,Meeting Room,10,24.09,57.83,0,0.08,0.0,0.006,0.061,0.013,OFF,24,Normal,22.790000000000003,73.75,2026-08-28 04:30:00
B002,R003,Server Room,3,22.02,56.65,2,0.663,0.0,0.006,0.637,0.02,OFF,22,Normal,23.25,69.89,2026-08-28 04:30:00
B003,R001,Office,12,23.67,56.34,1,0.115,0.0,0.009,0.094,0.011,OFF,24,Normal,22.16,70.89,2026-08-28 04:30:00
B003,R002,Meeting Room,10,24.09,59.58,0,0.082,0.0,0.006,0.063,0.013,OFF,24,Normal,21.200000000000003,71.5,2026-08-28 04:30:00
B003,R003,Server Room,3,22.07,58.56,0,0.66,0.0,0.002,0.644,0.014,OFF,22,Normal,21.450000000000003,70.27,2026-08-28 04:30:00
B001,R001,Office,12,23.48,61.61,0,0.109,0.0,0.007,0.087,0.014,OFF,24,Normal,21.23,75.72,2026-08-28 04:45:00
B001,R002,Meeting Room,10,23.46,60.16,0,0.084,0.0,0.006,0.064,0.013,OFF,24,Normal,22.26,72.51,2026-08-28 04:45:00
B001,R003,Server Room,3,22.22,60.03,1,0.661,0.0,0.004,0.639,0.018,OFF,22,Normal,22.26,74.22,2026-08-28 04:45:00
B002,R001,Office,12,23.65,57.3,3,0.127,0.0,0.013,0.104,0.011,OFF,24,Normal,22.03,70.01,2026-08-28 04:45:00
B002,R002,Meeting Room,10,24.14,51.48,2,0.106,0.0,0.01,0.076,0.02,OFF,24,Normal,22.23,65.31,2026-08-28 04:45:00
B002,R003,Server Room,3,22.0,59.39,0,0.652,0.0,0.002,0.633,0.017,OFF,22,Normal,22.23,71.49,2026-08-28 04:45:00
B003,R001,Office,12,23.86,59.41,1,0.115,0.0,0.009,0.094,0.012,OFF,24,Normal,21.39,73.09,2026-08-28 04:45:00
B003,R002,Meeting Room,10,24.05,57.9,3,0.109,0.0,0.012,0.079,0.018,OFF,24,Normal,21.12,71.02,2026-08-28 04:45:00
B003,R003,Server Room,3,21.94,58.26,0,0.628,0.0,0.002,0.611,0.015,OFF,22,Normal,21.5,69.77,2026-08-28 04:45:00
B001,R001,Office,12,23.36,62.93,2,0.133,0.0,0.011,0.102,0.019,OFF,24,Normal,22.11,74.82,2026-08-28 05:00:00
B001,R002,Meeting Room,10,23.57,58.54,0,0.084,0.0,0.006,0.063,0.015,OFF,24,Normal,22.04,70.1,2026-08-28 05:00:00
B001,R003,Server Room,3,22.1,57.17,0,0.656,0.0,0.002,0.638,0.016,OFF,22,Normal,22.73,71.58,2026-08-28 05:00:00
B002,R001,Office,12,23.86,58.95,2,0.128,0.0,0.011,0.101,0.016,OFF,24,Normal,23.110000000000003,71.57,2026-08-28 05:00:00
B002,R002,Meeting Room,10,23.9,60.0,0,0.084,0.0,0.006,0.064,0.013,OFF,24,Normal,22.44,73.43,2026-08-28 05:00:00
B002,R003,Server Room,3,22.04,57.49,1,0.643,0.0,0.004,0.629,0.011,OFF,22,Normal,23.32,69.14,2026-08-28 05:00:00
B003,R001,Office,12,23.76,62.22,2,0.131,0.0,0.011,0.102,0.018,OFF,24,Normal,22.25,74.62,2026-08-28 05:00:00
B003,R002,Meeting Room,10,23.9,59.12,3,0.106,0.0,0.012,0.08,0.014,OFF,24,Normal,22.39,73.41,2026-08-28 05:00:00
B003,R003,Server Room,3,21.84,60.77,0,0.653,0.0,0.002,0.639,0.013,OFF,22,Normal,22.400000000000002,72.95,2026-08-28 05:00:00
B001,R001,Office,12,23.57,58.35,0,0.11,0.0,0.008,0.088,0.015,OFF,24,Normal,23.01,72.73,2026-08-28 05:15:00
B001,R002,Meeting Room,10,23.55,57.86,2,0.098,0.0,0.01,0.075,0.014,OFF,24,Normal,21.52,73.74,2026-08-28 05:15:00
B001,R003,Server Room,3,22.24,60.94,2,0.652,0.0,0.006,0.629,0.017,OFF,22,Normal,22.68,74.39,2026-08-28 05:15:00
B002,R001,Office,12,23.97,58.27,0,0.112,0.0,0.007,0.087,0.018,OFF,24,Normal,22.950000000000003,71.09,2026-08-28 05:15:00
B002,R002,Meeting Room,10,23.75,58.1,0,0.077,0.0,0.006,0.061,0.01,OFF,24,Normal,23.07,70.67,2026-08-28 05:15:00
B002,R003,Server Room,3,21.94,58.24,1,0.653,0.0,0.004,0.636,0.013,OFF,22,Normal,22.51,72.36,2026-08-28 05:15:00
B003,R001,Office,12,23.75,59.51,3,0.138,0.0,0.013,0.106,0.018,OFF,24,Normal,22.880000000000003,71.81,2026-08-28 05:15:00
B003,R002,Meeting Room,10,23.72,62.65,0,0.089,0.0,0.006,0.063,0.02,OFF,24,Normal,21.78,75.5,2026-08-28 05:15:00
B003,R003,Server Room,3,22.01,57.16,1,0.666,0.0,0.004,0.642,0.02,OFF,22,Normal,21.94,68.98,2026-08-28 05:15:00
B001,R001,Office,12,23.45,61.32,3,0.142,0.0,0.013,0.109,0.02,OFF,24,Normal,22.9,74.49,2026-08-28 05:30:00
B001,R002,Meeting Room,10,23.63,59.75,4,0.118,0.0,0.014,0.088,0.017,OFF,24,Normal,22.71,72.42,2026-08-28 05:30:00
B001,R003,Server Room,3,22.17,62.53,0,0.653,0.0,0.002,0.633,0.018,OFF,22,Normal,22.97,75.91,2026-08-28 05:30:00
B002,R001,Office,12,23.97,58.07,1,0.117,0.0,0.009,0.092,0.015,OFF,24,Normal,22.82,69.43,2026-08-28 05:30:00
B002,R002,Meeting Room,10,23.82,61.58,2,0.097,0.0,0.01,0.074,0.013,OFF,24,Normal,22.94,73.58,2026-08-28 05:30:00
B002,R003,Server Room,3,22.13,59.31,0,0.659,0.0,0.002,0.643,0.014,OFF,22,Normal,23.17,70.47,2026-08-28 05:30:00
B003,R001,Office,12,23.74,59.34,0,0.111,0.0,0.007,0.087,0.017,OFF,24,Normal,22.93,70.98,2026-08-28 05:30:00
B003,R002,Meeting Room,10,23.76,61.36,4,0.122,0.0,0.014,0.089,0.02,OFF,24,Normal,22.040000000000003,74.28,2026-08-28 05:30:00
B003,R003,Server Room,3,22.0,59.68,0,0.648,0.0,0.002,0.63,0.015,OFF,22,Normal,21.560000000000002,70.23,2026-08-28 05:30:00
B001,R001,Office,12,23.62,57.18,3,0.137,0.0,0.013,0.108,0.016,OFF,24,Normal,21.79,68.53,2026-08-28 05:45:00
B001,R002,Meeting Room,10,23.72,57.68,3,0.116,0.0,0.012,0.084,0.02,OFF,24,Normal,22.72,71.36,2026-08-28 05:45:00
B001,R003,Server Room,3,22.39,58.35,1,1.138,0.504,0.004,0.613,0.018,ON,22,Normal,21.29,72.14,2026-08-28 05:45:00
B002,R001,Office,12,23.91,64.74,1,0.119,0.0,0.009,0.094,0.015,OFF,24,Normal,24.17,75.56,2026-08-28 05:45:00
B002,R002,Meeting Room,10,23.85,58.42,0,0.08,0.0,0.006,0.062,0.012,OFF,24,Normal,23.39,70.19,2026-08-28 05:45:00
B002,R003,Server Room,3,22.2,59.5,0,0.632,0.0,0.002,0.613,0.017,OFF,22,Normal,23.380000000000003,75.01,2026-08-28 05:45:00
B003,R001,Office,12,23.7,57.53,0,0.11,0.0,0.007,0.086,0.016,OFF,24,Normal,22.810000000000002,69.74,2026-08-28 05:45:00
B003,R002,Meeting Room,10,23.73,60.8,0,0.089,0.0,0.006,0.064,0.018,OFF,24,Normal,21.89,73.35,2026-08-28 05:45:00
B003,R003,Server Room,3,21.9,57.19,1,0.631,0.0,0.004,0.617,0.01,OFF,22,Normal,22.05,71.7,2026-08-28 05:45:00
B001,R001,Office,12,23.68,53.25,6,0.165,0.0,0.019,0.127,0.019,OFF,24,Normal,22.64,67.78,2026-08-28 06:00:00
B001,R002,Meeting Room,10,23.57,57.52,0,0.084,0.0,0.006,0.064,0.014,OFF,24,Normal,22.24,70.01,2026-08-28 06:00:00
B001,R003,Server Room,3,22.43,57.85,1,1.201,0.541,0.004,0.645,0.012,ON,22,Normal,23.48,68.2,2026-08-28 06:00:00
B002,R001,Office,12,23.66,56.61,5,0.146,0.0,0.016,0.116,0.014,OFF,24,Normal,23.23,69.12,2026-08-28 06:00:00
B002,R002,Meeting Room,10,23.68,59.25,0,0.079,0.0,0.006,0.061,0.013,OFF,24,Normal,23.01,73.31,2026-08-28 06:00:00
B002,R003,Server Room,3,22.35,59.63,0,1.197,0.551,0.002,0.627,0.017,ON,22,Normal,23.92,72.03,2026-08-28 06:00:00
B003,R001,Office,12,23.66,56.26,3,0.128,0.0,0.013,0.104,0.012,OFF,24,Normal,23.720000000000002,68.14,2026-08-28 06:00:00
B003,R002,Meeting Room,10,23.56,56.92,4,0.119,0.0,0.014,0.09,0.015,OFF,24,Normal,22.400000000000002,66.89,2026-08-28 06:00:00
B003,R003,Server Room,3,22.03,60.08,0,0.631,0.0,0.002,0.611,0.018,OFF,22,Normal,23.69,74.29,2026-08-28 06:00:00
B001,R001,Office,12,23.86,58.0,2,0.123,0.0,0.011,0.101,0.01,OFF,24,Normal,23.15,73.07,2026-08-28 06:15:00
B001,R002,Meeting Room,10,23.65,58.13,2,0.101,0.0,0.01,0.075,0.016,OFF,24,Normal,23.93,70.36,2026-08-28 06:15:00
B001,R003,Server Room,3,22.53,58.55,1,1.227,0.566,0.004,0.641,0.016,ON,22,Normal,23.22,70.92,2026-08-28 06:15:00
B002,R001,Office,12,23.78,64.44,3,0.136,0.0,0.013,0.107,0.016,OFF,24,Normal,24.57,76.89,2026-08-28 06:15:00
B002,R002,Meeting Room,10,23.98,55.73,0,0.084,0.0,0.006,0.062,0.015,OFF,24,Normal,23.720000000000002,70.66,2026-08-28 06:15:00
B002,R003,Server Room,3,22.32,57.7,0,1.187,0.541,0.002,0.627,0.017,ON,22,Normal,22.94,71.07,2026-08-28 06:15:00
B003,R001,Office,12,23.55,61.59,0,0.111,0.0,0.007,0.087,0.017,OFF,24,Normal,22.16,74.38,2026-08-28 06:15:00
B003,R002,Meeting Room,10,23.61,61.38,0,0.085,0.0,0.006,0.061,0.018,OFF,24,Normal,22.82,74.27,2026-08-28 06:15:00
B003,R003,Server Room,3,21.94,60.11,1,0.639,0.0,0.004,0.622,0.014,OFF,22,Normal,23.05,72.73,2026-08-28 06:15:00
B001,R001,Office,12,23.89,57.84,2,0.134,0.0,0.012,0.103,0.02,OFF,24,Normal,23.27,70.68,2026-08-28 06:30:00
B001,R002,Meeting Room,10,23.71,60.68,0,0.083,0.0,0.006,0.064,0.012,OFF,24,Normal,23.54,71.99,2026-08-28 06:30:00
B001,R003,Server Room,3,22.37,57.41,1,1.162,0.514,0.004,0.632,0.013,ON,22,Normal,23.04,70.07,2026-08-28 06:30:00
B002,R001,Office,12,23.63,61.01,3,0.137,0.0,0.013,0.105,0.019,OFF,24,Normal,24.71,75.03,2026-08-28 06:30:00
B002,R002,Meeting Room,10,24.02,59.14,2,0.105,0.0,0.01,0.075,0.019,OFF,24,Normal,23.240000000000002,71.46,2026-08-28 06:30:00
B002,R003,Server Room,3,22.17,61.56,0,0.648,0.0,0.002,0.631,0.015,OFF,22,Normal,23.82,73.46,2026-08-28 06:30:00
B003,R001,Office,12,23.76,60.8,2,0.124,0.0,0.011,0.098,0.015,OFF,24,Normal,22.520000000000003,75.71,2026-08-28 06:30:00
B003,R002,Meeting Room,10,23.38,61.06,0,0.085,0.0,0.006,0.063,0.016,OFF,24,Normal,22.950000000000003,74.79,2026-08-28 06:30:00
B003,R003,Server Room,3,22.18,58.98,0,0.641,0.0,0.002,0.622,0.018,OFF,22,Normal,23.51,72.82,2026-08-28 06:30:00
B001,R001,Office,12,23.85,58.39,3,0.136,0.0,0.013,0.106,0.017,OFF,24,Normal,22.86,69.56,2026-08-28 06:45:00
B001,R002,Meeting Room,10,23.66,61.54,0,0.084,0.0,0.006,0.062,0.016,OFF,24,Normal,23.45,76.04,2026-08-28 06:45:00
B001,R003,Server Room,3,22.48,58.06,1,1.205,0.55,0.004,0.639,0.013,ON,22,Normal,23.02,71.22,2026-08-28 06:45:00
B002,R001,Office,12,23.87,58.19,2,0.121,0.0,0.011,0.099,0.01,OFF,24,Normal,23.66,71.28,2026-08-28 06:45:00
B002,R002,Meeting Room,10,23.97,58.7,1,0.096,0.0,0.008,0.069,0.019,OFF,24,Normal,22.860000000000003,72.43,2026-08-28 06:45:00
B002,R003,Server Room,3,22.46,56.47,0,1.252,0.597,0.002,0.64,0.013,ON,22,Normal,24.900000000000002,70.57,2026-08-28 06:45:00
B003,R001,Office,12,23.91,57.79,0,0.108,0.0,0.008,0.088,0.013,OFF,24,Normal,22.200000000000003,71.35,2026-08-28 06:45:00
B003,R002,Meeting Room,10,23.54,61.42,0,0.082,0.0,0.006,0.064,0.012,OFF,24,Normal,22.98,75.52,2026-08-28 06:45:00
B003,R003,Server Room,3,22.05,57.67,2,0.669,0.0,0.006,0.644,0.019,OFF,22,Normal,22.950000000000003,71.27,2026-08-28 06:45:00
B001,R001,Office,12,23.68,61.94,2,0.125,0.0,0.011,0.098,0.016,OFF,24,Normal,22.81,75.75,2026-08-28 07:00:00
B001,R002,Meeting Room,10,23.79,56.83,4,0.119,0.0,0.014,0.088,0.017,OFF,24,Normal,23.78,68.98,2026-08-28 07:00:00
B001,R003,Server Room,3,22.55,59.65,0,1.188,0.557,0.002,0.616,0.013,ON,22,Normal,23.44,72.87,2026-08-28 07:00:00
B002,R001,Office,12,23.79,59.95,0,0.104,0.0,0.007,0.087,0.01,OFF,24,Normal,24.35,74.02,2026-08-28 07:00:00
B002,R002,Meeting Room,10,23.91,58.3,5,0.12,0.0,0.015,0.091,0.014,OFF,24,Normal,23.78,70.98,2026-08-28 07:00:00
B002,R003,Server Room,3,22.44,55.73,0,1.19,0.563,0.002,0.611,0.014,ON,22,Normal,25.290000000000003,67.39,2026-08-28 07:00:00
B003,R001,Office,12,23.79,58.97,4,0.139,0.0,0.015,0.11,0.014,OFF,24,Normal,22.96,72.03,2026-08-28 07:00:00
B003,R002,Meeting Room,10,23.54,59.98,3,0.103,0.0,0.012,0.08,0.011,OFF,24,Normal,23.16,74.8,2026-08-28 07:00:00
B003,R003,Server Room,3,22.11,59.61,0,0.652,0.0,0.002,0.637,0.014,OFF,22,Normal,22.8,74.42,2026-08-28 07:00:00
B001,R001,Office,12,23.69,57.6,3,0.137,0.0,0.013,0.107,0.017,OFF,24,Normal,24.64,68.5,2026-08-28 07:15:00
B001,R002,Meeting Room,10,23.86,57.95,3,0.112,0.0,0.012,0.083,0.017,OFF,24,Normal,23.38,70.46,2026-08-28 07:15:00
B001,R003,Server Room,3,22.43,58.51,0,1.188,0.536,0.002,0.633,0.017,ON,22,Normal,23.05,71.0,2026-08-28 07:15:00
B002,R001,Office,12,23.84,57.21,0,0.113,0.0,0.008,0.09,0.015,OFF,24,Normal,23.950000000000003,69.99,2026-08-28 07:15:00
B002,R002,Meeting Room,10,24.11,59.06,0,0.085,0.0,0.006,0.063,0.015,OFF,24,Normal,23.560000000000002,69.3,2026-08-28 07:15:00
B002,R003,Server Room,3,22.6,57.22,1,1.307,0.642,0.004,0.65,0.011,ON,22,Normal,24.580000000000002,70.23,2026-08-28 07:15:00
B003,R001,Office,12,23.76,58.95,0,0.104,0.0,0.007,0.086,0.01,OFF,24,Normal,22.69,74.07,2026-08-28 07:15:00
B003,R002,Meeting Room,10,23.54,56.3,2,0.101,0.0,0.01,0.076,0.014,OFF,24,Normal,23.1,70.07,2026-08-28 07:15:00
B003,R003,Server Room,3,22.14,61.63,1,0.667,0.0,0.004,0.649,0.015,OFF,22,Normal,22.830000000000002,72.93,2026-08-28 07:15:00
B001,R001,Office,12,23.65,56.21,0,0.107,0.0,0.007,0.087,0.012,OFF,24,Normal,24.33,66.58,2026-08-28 07:30:00
B001,R002,Meeting Room,10,23.92,59.1,0,0.081,0.0,0.006,0.063,0.012,OFF,24,Normal,24.2,74.28,2026-08-28 07:30:00
B001,R003,Server Room,3,22.21,59.56,0,0.622,0.0,0.002,0.61,0.01,OFF,22,Normal,24.04,71.96,2026-08-28 07:30:00
B002,R001,Office,12,23.91,56.28,5,0.155,0.0,0.017,0.119,0.019,OFF,24,Normal,23.91,70.49,2026-08-28 07:30:00
B002,R002,Meeting Room,10,24.03,58.46,2,0.104,0.0,0.01,0.076,0.019,OFF,24,Normal,23.62,70.42,2026-08-28 07:30:00
B002,R003,Server Room,3,22.52,58.08,2,1.226,0.587,0.005,0.623,0.011,ON,22,Normal,23.42,71.37,2026-08-28 07:30:00
B003,R001,Office,12,23.78,58.37,0,0.106,0.0,0.007,0.087,0.011,OFF,24,Normal,23.44,69.92,2026-08-28 07:30:00
B003,R002,Meeting Room,10,23.22,55.57,3,0.109,0.0,0.012,0.081,0.016,OFF,24,Normal,23.790000000000003,66.32,2026-08-28 07:30:00
B003,R003,Server Room,3,22.21,61.29,1,0.631,0.0,0.004,0.617,0.01,OFF,22,Normal,23.48,73.78,2026-08-28 07:30:00
B001,R001,Office,12,23.86,59.83,5,0.156,0.0,0.017,0.121,0.018,OFF,24,Normal,23.47,74.49,2026-08-28 07:45:00
B001,R002,Meeting Room,10,23.91,58.65,0,0.083,0.0,0.006,0.064,0.013,OFF,24,Normal,23.64,74.06,2026-08-28 07:45:00
B001,R003,Server Room,3,22.43,62.88,0,1.192,0.542,0.002,0.637,0.011,ON,22,Normal,23.46,75.97,2026-08-28 07:45:00
B002,R001,Office,12,24.04,55.66,1,0.118,0.0,0.009,0.094,0.014,OFF,24,Normal,24.080000000000002,68.95,2026-08-28 07:45:00
B002,R002,Meeting Room,10,23.91,56.25,0,0.083,0.0,0.006,0.061,0.016,OFF,24,Normal,24.490000000000002,68.67,2026-08-28 07:45:00
B002,R003,Server Room,3,22.65,59.96,2,1.325,0.65,0.006,0.65,0.019,ON,22,Normal,23.970000000000002,74.52,2026-08-28 07:45:00
B003,R001,Office,12,23.89,57.91,1,0.121,0.0,0.009,0.095,0.017,OFF,24,Normal,23.14,69.94,2026-08-28 07:45:00
B003,R002,Meeting Room,10,23.35,62.12,1,0.089,0.0,0.008,0.067,0.014,OFF,24,Normal,23.41,73.4,2026-08-28 07:45:00
B003,R003,Server Room,3,22.39,59.12,0,1.127,0.487,0.002,0.621,0.018,ON,22,Normal,22.8,70.6,2026-08-28 07:45:00
B001,R001,Office,12,23.96,59.85,0,0.108,0.0,0.007,0.086,0.015,OFF,24,Normal,23.69,71.28,2026-08-28 08:00:00
B001,R002,Meeting Room,10,23.89,61.23,4,0.12,0.0,0.014,0.089,0.017,OFF,24,Normal,23.48,72.05,2026-08-28 08:00:00
B001,R003,Server Room,3,22.55,56.67,1,1.248,0.58,0.004,0.65,0.015,ON,22,Normal,24.3,65.36,2026-08-28 08:00:00
B002,R001,Office,12,23.88,62.16,2,0.121,0.0,0.011,0.099,0.011,OFF,24,Normal,24.23,74.88,2026-08-28 08:00:00
B002,R002,Meeting Room,10,24.02,59.51,0,0.087,0.0,0.006,0.063,0.018,OFF,24,Normal,25.150000000000002,73.44,2026-08-28 08:00:00
B002,R003,Server Room,3,22.69,58.63,0,1.295,0.652,0.002,0.626,0.016,ON,22,Normal,24.880000000000003,71.57,2026-08-28 08:00:00
B003,R001,Office,12,24.08,60.24,3,0.136,0.0,0.013,0.106,0.017,OFF,24,Normal,23.810000000000002,74.42,2026-08-28 08:00:00
B003,R002,Meeting Room,10,23.54,60.41,0,0.081,0.0,0.006,0.062,0.013,OFF,24,Normal,24.0,72.64,2026-08-28 08:00:00
B003,R003,Server Room,3,22.32,59.26,1,1.128,0.473,0.004,0.635,0.016,ON,22,Normal,22.85,71.67,2026-08-28 08:00:00
B001,R001,Office,12,23.79,57.17,0,0.114,0.0,0.008,0.089,0.017,OFF,24,Normal,23.55,71.11,2026-08-28 08:15:00
B001,R002,Meeting Room,10,23.71,60.42,0,0.08,0.0,0.006,0.061,0.013,OFF,24,Normal,23.99,74.29,2026-08-28 08:15:00
B001,R003,Server Room,3,22.67,58.32,1,1.25,0.598,0.004,0.632,0.016,ON,22,Normal,24.75,69.7,2026-08-28 08:15:00
B002,R001,Office,12,24.17,57.43,8,0.174,0.0,0.022,0.136,0.016,OFF,24,Normal,25.950000000000003,68.65,2026-08-28 08:15:00
B002,R002,Meeting Room,10,24.07,54.3,6,0.126,0.0,0.017,0.099,0.011,OFF,24,Normal,24.89,66.42,2026-08-28 08:15:00
B002,R003,Server Room,3,22.54,58.24,1,1.25,0.603,0.004,0.628,0.015,ON,22,Normal,25.610000000000003,71.1,2026-08-28 08:15:00
B003,R001,Office,12,24.01,58.16,0,0.108,0.0,0.008,0.088,0.013,OFF,24,Normal,24.330000000000002,71.63,2026-08-28 08:15:00
B003,R002,Meeting Room,10,23.51,57.44,4,0.121,0.0,0.014,0.088,0.019,OFF,24,Normal,24.01,68.79,2026-08-28 08:15:00
B003,R003,Server Room,3,22.35,56.71,0,1.11,0.475,0.002,0.623,0.011,ON,22,Normal,23.53,68.93,2026-08-28 08:15:00
B001,R001,Office,12,23.93,57.08,3,0.134,0.0,0.013,0.106,0.014,OFF,24,Normal,24.16,70.65,2026-08-28 08:30:00
B001,R002,Meeting Room,10,23.67,56.79,5,0.123,0.0,0.016,0.096,0.011,OFF,24,Normal,24.88,69.62,2026-08-28 08:30:00
B001,R003,Server Room,3,22.79,58.87,0,1.287,0.64,0.002,0.634,0.011,ON,22,Warning,24.66,73.42,2026-08-28 08:30:00
B002,R001,Office,12,24.28,58.88,0,0.112,0.0,0.007,0.086,0.019,OFF,24,Normal,24.84,71.24,2026-08-28 08:30:00
B002,R002,Meeting Room,10,24.08,56.33,0,0.08,0.0,0.006,0.062,0.012,OFF,24,Normal,25.67,70.45,2026-08-28 08:30:00
B002,R003,Server Room,3,22.49,60.68,2,1.217,0.575,0.005,0.62,0.016,ON,22,Normal,24.39,75.38,2026-08-28 08:30:00
B003,R001,Office,12,23.8,60.39,0,0.116,0.0,0.008,0.089,0.019,OFF,24,Normal,23.630000000000003,71.86,2026-08-28 08:30:00
B003,R002,Meeting Room,10,23.55,59.28,2,0.104,0.0,0.01,0.076,0.018,OFF,24,Normal,24.26,71.69,2026-08-28 08:30:00
B003,R003,Server Room,3,22.53,61.43,1,1.181,0.527,0.004,0.633,0.017,ON,22,Normal,22.880000000000003,75.94,2026-08-28 08:30:00
B001,R001,Office,12,24.31,56.07,7,0.161,0.0,0.02,0.13,0.011,OFF,24,Normal,24.71,70.23,2026-08-28 08:45:00
B001,R002,Meeting Room,10,23.54,61.69,5,0.126,0.0,0.016,0.095,0.015,OFF,24,Normal,24.3,75.18,2026-08-28 08:45:00
B001,R003,Server Room,3,22.58,59.82,1,1.23,0.578,0.004,0.637,0.011,ON,22,Normal,23.48,71.9,2026-08-28 08:45:00
B002,R001,Office,12,24.36,60.96,0,0.112,0.0,0.007,0.087,0.018,OFF,24,Normal,24.53,75.77,2026-08-28 08:45:00
B002,R002,Meeting Room,10,24.25,62.81,3,0.102,0.0,0.012,0.079,0.011,OFF,24,Normal,24.91,76.09,2026-08-28 08:45:00
B002,R003,Server Room,3,22.38,61.13,0,1.196,0.556,0.002,0.624,0.014,ON,22,Normal,24.69,72.74,2026-08-28 08:45:00
B003,R001,Office,12,23.79,60.73,0,0.109,0.0,0.007,0.086,0.016,OFF,24,Normal,24.55,71.86,2026-08-28 08:45:00
B003,R002,Meeting Room,10,23.79,58.32,8,0.142,0.0,0.021,0.111,0.01,OFF,24,Normal,24.26,73.09,2026-08-28 08:45:00
B003,R003,Server Room,3,22.62,59.61,0,1.161,0.534,0.002,0.61,0.015,ON,22,Normal,24.35,74.72,2026-08-28 08:45:00
B001,R001,Office,12,24.28,60.96,0,0.107,0.0,0.008,0.088,0.012,OFF,24,Normal,23.81,74.14,2026-08-28 09:00:00
B001,R002,Meeting Room,10,23.6,56.43,8,0.143,0.0,0.021,0.11,0.012,OFF,24,Normal,24.44,70.53,2026-08-28 09:00:00
B001,R003,Server Room,3,22.57,55.2,0,1.201,0.565,0.002,0.622,0.013,ON,22,Normal,25.91,66.7,2026-08-28 09:00:00
B002,R001,Office,12,24.44,55.75,8,0.179,0.0,0.023,0.138,0.019,OFF,24,Normal,25.44,71.03,2026-08-28 09:00:00
B002,R002,Meeting Room,10,24.23,57.89,3,0.107,0.0,0.012,0.081,0.014,OFF,24,Normal,24.830000000000002,74.97,2026-08-28 09:00:00
B002,R003,Server Room,3,22.5,58.5,1,1.222,0.585,0.004,0.621,0.013,ON,22,Normal,25.6,68.84,2026-08-28 09:00:00
B003,R001,Office,12,23.82,60.67,0,0.116,0.0,0.008,0.09,0.018,OFF,24,Normal,23.96,73.65,2026-08-28 09:00:00
B003,R002,Meeting Room,10,24.08,57.98,3,0.109,0.0,0.012,0.079,0.019,OFF,24,Normal,24.450000000000003,69.74,2026-08-28 09:00:00
B003,R003,Server Room,3,22.5,58.87,0,1.186,0.527,0.002,0.638,0.019,ON,22,Normal,24.48,70.61,2026-08-28 09:00:00
B001,R001,Office,12,24.42,57.65,0,0.109,0.0,0.008,0.088,0.013,OFF,24,Normal,25.53,69.58,2026-08-28 09:15:00
B001,R002,Meeting Room,10,23.78,56.26,1,0.086,0.0,0.008,0.067,0.01,OFF,24,Normal,24.72,71.46,2026-08-28 09:15:00
B001,R003,Server Room,3,22.47,57.86,0,1.194,0.549,0.002,0.633,0.011,ON,22,Normal,25.04,70.46,2026-08-28 09:15:00
B002,R001,Office,12,24.26,60.66,0,0.112,0.0,0.007,0.087,0.017,OFF,24,Normal,25.1,69.96,2026-08-28 09:15:00
B002,R002,Meeting Room,10,24.19,57.0,0,0.088,0.0,0.006,0.063,0.019,OFF,24,Normal,25.060000000000002,71.14,2026-08-28 09:15:00
B002,R003,Server Room,3,22.39,57.59,1,1.186,0.551,0.004,0.619,0.013,ON,22,Warning,25.03,67.9,2026-08-28 09:15:00
B003,R001,Office,12,23.99,54.62,1,0.117,0.0,0.009,0.092,0.015,OFF,24,Normal,24.3,67.97,2026-08-28 09:15:00
B003,R002,Meeting Room,10,24.08,54.27,7,0.139,0.0,0.019,0.105,0.015,OFF,24,Normal,24.740000000000002,66.93,2026-08-28 09:15:00
B003,R003,Server Room,3,22.3,56.44,2,1.139,0.471,0.006,0.644,0.018,ON,22,Normal,24.240000000000002,72.03,2026-08-28 09:15:00
B001,R001,Office,12,24.28,55.35,8,0.167,0.0,0.022,0.134,0.011,OFF,24,Normal,25.34,67.28,2026-08-28 09:30:00
B001,R002,Meeting Room,10,23.83,58.59,0,0.08,0.0,0.006,0.062,0.012,OFF,24,Normal,24.55,71.55,2026-08-28 09:30:00
B001,R003,Server Room,3,22.56,62.94,0,1.209,0.567,0.002,0.624,0.016,ON,22,Normal,24.27,73.65,2026-08-28 09:30:00
B002,R001,Office,12,24.23,58.71,0,0.104,0.0,0.007,0.086,0.011,OFF,24,Normal,25.720000000000002,70.43,2026-08-28 09:30:00
B002,R002,Meeting Room,10,24.15,58.11,0,0.08,0.0,0.006,0.062,0.013,OFF,24,Normal,26.21,68.26,2026-08-28 09:30:00
B002,R003,Server Room,3,22.56,57.04,2,1.255,0.606,0.006,0.63,0.014,ON,22,Normal,25.69,70.68,2026-08-28 09:30:00
B003,R001,Office,12,24.02,59.05,6,0.153,0.0,0.018,0.122,0.013,OFF,24,Normal,23.92,72.51,2026-08-28 09:30:00
B003,R002,Meeting Room,10,24.1,56.47,6,0.129,0.0,0.018,0.1,0.011,OFF,24,Normal,24.130000000000003,67.89,2026-08-28 09:30:00
B003,R003,Server Room,3,22.42,55.25,1,1.126,0.487,0.004,0.621,0.014,ON,22,Normal,25.450000000000003,66.46,2026-08-28 09:30:00
B001,R001,Office,12,24.39,60.64,1,0.119,0.0,0.009,0.094,0.015,OFF,24,Normal,24.12,74.15,2026-08-28 09:45:00
B001,R002,Meeting Room,10,23.67,59.29,6,0.127,0.0,0.017,0.098,0.011,OFF,24,Normal,25.62,72.33,2026-08-28 09:45:00
B001,R003,Server Room,3,22.55,56.9,0,1.182,0.551,0.002,0.612,0.018,ON,22,Normal,25.09,69.82,2026-08-28 09:45:00
B002,R001,Office,12,24.29,58.33,9,0.184,0.0,0.024,0.144,0.016,OFF,24,Normal,25.150000000000002,73.71,2026-08-28 09:45:00
B002,R002,Meeting Room,10,24.32,58.84,0,0.086,0.0,0.006,0.064,0.016,OFF,24,Normal,24.380000000000003,71.45,2026-08-28 09:45:00
B002,R003,Server Room,3,22.34,56.9,1,1.165,0.535,0.004,0.616,0.011,ON,22,Normal,25.87,71.29,2026-08-28 09:45:00
B003,R001,Office,12,24.22,53.23,0,0.109,0.0,0.008,0.088,0.013,OFF,24,Normal,24.720000000000002,65.63,2026-08-28 09:45:00
B003,R002,Meeting Room,10,23.97,58.55,5,0.125,0.0,0.016,0.093,0.017,OFF,24,Normal,24.19,70.91,2026-08-28 09:45:00
B003,R003,Server Room,3,22.59,56.03,0,1.171,0.537,0.002,0.62,0.013,ON,22,Normal,25.05,66.71,2026-08-28 09:45:00
B001,R001,Office,12,24.51,56.18,0,0.562,0.452,0.008,0.088,0.015,ON,24,Normal,26.09,68.56,2026-08-28 10:00:00
B001,R002,Meeting Room,10,24.02,56.03,7,0.142,0.0,0.02,0.108,0.014,OFF,24,Normal,26.46,67.81,2026-08-28 10:00:00
B001,R003,Server Room,3,22.64,56.07,1,1.2,0.573,0.004,0.614,0.01,ON,22,Normal,25.35,68.52,2026-08-28 10:00:00
B002,R001,Office,12,24.23,58.68,0,0.112,0.0,0.008,0.09,0.014,OFF,24,Normal,26.020000000000003,69.91,2026-08-28 10:00:00
B002,R002,Meeting Room,10,24.07,58.9,2,0.1,0.0,0.01,0.075,0.015,OFF,24,Normal,26.26,70.67,2026-08-28 10:00:00
B002,R003,Server Room,3,22.48,55.12,0,1.191,0.571,0.002,0.608,0.01,ON,22,Normal,26.43,66.65,2026-08-28 10:00:00
B003,R001,Office,12,24.27,55.68,6,0.157,0.0,0.019,0.126,0.012,OFF,24,Normal,25.290000000000003,66.91,2026-08-28 10:00:00
B003,R002,Meeting Room,10,24.01,51.24,3,0.102,0.0,0.012,0.08,0.011,OFF,24,Normal,26.09,62.59,2026-08-28 10:00:00
B003,R003,Server Room,3,22.8,57.5,1,1.229,0.585,0.004,0.623,0.017,ON,22,Normal,25.34,70.87,2026-08-28 10:00:00
B001,R001,Office,12,24.37,59.0,0,0.107,0.0,0.007,0.087,0.013,OFF,24,Normal,25.47,71.73,2026-08-28 10:15:00
B001,R002,Meeting Room,10,24.02,53.66,5,0.123,0.0,0.015,0.092,0.015,OFF,24,Normal,24.94,65.83,2026-08-28 10:15:00
B001,R003,Server Room,3,22.6,54.65,0,1.181,0.561,0.002,0.607,0.011,ON,22,Normal,26.2,64.32,2026-08-28 10:15:00
B002,R001,Office,12,24.13,59.79,8,0.181,0.0,0.023,0.142,0.016,OFF,24,Normal,25.92,73.28,2026-08-28 10:15:00
B002,R002,Meeting Room,10,24.09,55.98,10,0.169,0.0,0.026,0.128,0.015,OFF,24,Normal,25.790000000000003,72.01,2026-08-28 10:15:00
B002,R003,Server Room,3,22.48,56.03,2,1.241,0.587,0.006,0.636,0.013,ON,22,Normal,26.130000000000003,69.79,2026-08-28 10:15:00
B003,R001,Office,12,24.51,53.7,0,0.545,0.43,0.008,0.088,0.019,ON,24,Normal,25.130000000000003,66.11,2026-08-28 10:15:00
B003,R002,Meeting Room,10,23.86,59.53,5,0.124,0.0,0.016,0.094,0.014,OFF,24,Normal,25.400000000000002,72.04,2026-08-28 10:15:00
B003,R003,Server Room,3,22.69,55.51,1,1.214,0.564,0.004,0.63,0.016,ON,22,Normal,25.35,68.6,2026-08-28 10:15:00
B001,R001,Office,12,24.21,59.39,5,0.145,0.0,0.016,0.116,0.013,OFF,24,Normal,25.72,68.97,2026-08-28 10:30:00
B001,R002,Meeting Room,10,24.04,57.8,3,0.113,0.0,0.012,0.083,0.018,OFF,24,Normal,25.85,71.27,2026-08-28 10:30:00
B001,R003,Server Room,3,22.49,58.41,1,1.196,0.55,0.004,0.633,0.01,ON,22,Normal,25.14,70.34,2026-08-28 10:30:00
B002,R001,Office,12,24.27,51.77,8,0.165,0.0,0.022,0.133,0.01,OFF,24,Normal,27.23,64.91,2026-08-28 10:30:00
B002,R002,Meeting Room,10,24.14,59.65,0,0.083,0.0,0.006,0.062,0.015,OFF,24,Normal,26.380000000000003,72.13,2026-08-28 10:30:00
B002,R003,Server Room,3,22.47,56.2,1,1.23,0.582,0.004,0.629,0.015,ON,22,Normal,27.400000000000002,67.23,2026-08-28 10:30:00
B003,R001,Office,12,24.31,58.48,0,0.109,0.0,0.008,0.09,0.012,OFF,24,Normal,26.34,70.94,2026-08-28 10:30:00
B003,R002,Meeting Room,10,24.05,55.5,5,0.12,0.0,0.016,0.094,0.01,OFF,24,Normal,25.580000000000002,67.81,2026-08-28 10:30:00
B003,R003,Server Room,3,22.57,55.85,1,1.195,0.538,0.004,0.636,0.018,ON,22,Normal,25.01,65.45,2026-08-28 10:30:00
B001,R001,Office,12,24.03,55.87,10,0.193,0.0,0.026,0.151,0.015,OFF,24,Normal,25.07,67.48,2026-08-28 10:45:00
B001,R002,Meeting Room,10,23.96,52.69,7,0.148,0.0,0.02,0.109,0.019,OFF,24,Normal,25.76,65.85,2026-08-28 10:45:00
B001,R003,Server Room,3,22.28,56.7,0,1.132,0.489,0.002,0.624,0.017,ON,22,Normal,25.38,69.6,2026-08-28 10:45:00
B002,R001,Office,12,24.46,56.41,7,0.171,0.0,0.021,0.135,0.015,OFF,24,Normal,26.44,68.01,2026-08-28 10:45:00
B002,R002,Meeting Room,10,24.39,54.77,6,0.136,0.0,0.018,0.103,0.015,OFF,24,Normal,26.94,68.3,2026-08-28 10:45:00
B002,R003,Server Room,3,22.75,54.55,0,1.322,0.675,0.002,0.632,0.014,ON,22,Normal,27.1,67.64,2026-08-28 10:45:00
B003,R001,Office,12,24.38,55.91,9,0.181,0.0,0.025,0.145,0.011,OFF,24,Normal,25.96,69.41,2026-08-28 10:45:00
B003,R002,Meeting Room,10,24.12,54.51,5,0.122,0.0,0.015,0.093,0.014,OFF,24,Normal,26.21,63.19,2026-08-28 10:45:00
B003,R003,Server Room,3,22.67,56.63,0,1.197,0.558,0.002,0.622,0.015,ON,22,Normal,24.78,70.7,2026-08-28 10:45:00
B001,R001,Office,12,23.97,54.32,9,0.19,0.0,0.025,0.147,0.018,OFF,24,Normal,26.62,68.92,2026-08-28 11:00:00
B001,R002,Meeting Room,10,24.08,56.15,0,0.083,0.0,0.006,0.061,0.016,OFF,24,Normal,26.42,66.01,2026-08-28 11:00:00
B001,R003,Server Room,3,22.3,54.2,1,1.176,0.506,0.004,0.645,0.02,ON,22,Normal,25.91,67.57,2026-08-28 11:00:00
B002,R001,Office,12,24.6,52.12,9,0.7,0.516,0.025,0.145,0.015,ON,24,Normal,26.860000000000003,64.08,2026-08-28 11:00:00
B002,R002,Meeting Room,10,24.32,56.04,0,0.081,0.0,0.006,0.064,0.01,OFF,24,Normal,26.740000000000002,69.45,2026-08-28 11:00:00
B002,R003,Server Room,3,22.98,56.56,0,1.362,0.729,0.002,0.619,0.013,ON,22,Normal,26.94,68.55,2026-08-28 11:00:00
B003,R001,Office,12,24.57,52.2,3,0.567,0.437,0.013,0.106,0.011,ON,24,Normal,26.540000000000003,62.86,2026-08-28 11:00:00
B003,R002,Meeting Room,10,24.48,54.08,0,0.084,0.0,0.006,0.061,0.017,OFF,24,Normal,25.860000000000003,64.76,2026-08-28 11:00:00
B003,R003,Server Room,3,22.52,57.67,1,1.187,0.527,0.004,0.636,0.02,ON,22,Normal,26.03,68.28,2026-08-28 11:00:00
B001,R001,Office,12,23.96,52.82,4,0.142,0.0,0.015,0.112,0.015,OFF,24,Normal,26.82,65.81,2026-08-28 11:15:00
B001,R002,Meeting Room,10,24.28,51.27,7,0.138,0.0,0.019,0.105,0.014,OFF,24,Normal,26.82,64.39,2026-08-28 11:15:00
B001,R003,Server Room,3,22.49,58.45,1,1.184,0.543,0.004,0.625,0.012,ON,22,Normal,27.07,67.95,2026-08-28 11:15:00
B002,R001,Office,12,24.61,54.4,2,0.642,0.512,0.011,0.1,0.019,ON,24,Normal,27.630000000000003,66.14,2026-08-28 11:15:00
B002,R002,Meeting Room,10,24.52,57.49,0,0.519,0.435,0.006,0.062,0.015,ON,24,Normal,25.67,69.52,2026-08-28 11:15:00
B002,R003,Server Room,3,23.19,52.4,1,1.472,0.813,0.004,0.643,0.012,ON,22,Normal,27.73,63.52,2026-08-28 11:15:00
B003,R001,Office,12,24.44,56.36,4,0.143,0.0,0.015,0.113,0.014,OFF,24,Normal,25.580000000000002,65.36,2026-08-28 11:15:00
B003,R002,Meeting Room,10,24.44,56.77,7,0.141,0.0,0.019,0.104,0.018,OFF,24,Normal,25.96,68.82,2026-08-28 11:15:00
B003,R003,Server Room,3,22.69,52.6,1,1.23,0.573,0.004,0.64,0.013,ON,22,Normal,26.41,64.25,2026-08-28 11:15:00
B001,R001,Office,12,24.0,50.6,7,0.171,0.0,0.021,0.134,0.016,OFF,24,Normal,27.09,64.09,2026-08-28 11:30:00
B001,R002,Meeting Room,10,24.33,54.46,8,0.142,0.0,0.021,0.111,0.01,OFF,24,Normal,26.59,66.37,2026-08-28 11:30:00
B001,R003,Server Room,3,22.63,54.44,2,1.226,0.577,0.006,0.626,0.018,ON,22,Normal,27.11,64.85,2026-08-28 11:30:00
B002,R001,Office,12,24.48,55.48,4,0.141,0.0,0.015,0.111,0.015,OFF,24,Normal,26.610000000000003,69.28,2026-08-28 11:30:00
B002,R002,Meeting Room,10,24.58,55.41,1,0.528,0.437,0.008,0.067,0.016,ON,24,Normal,26.5,69.36,2026-08-28 11:30:00
B002,R003,Server Room,3,23.01,55.06,0,1.404,0.758,0.002,0.634,0.011,ON,22,Normal,26.19,70.26,2026-08-28 11:30:00
B003,R001,Office,12,24.4,52.37,5,0.154,0.0,0.017,0.12,0.017,OFF,24,Normal,26.630000000000003,62.42,2026-08-28 11:30:00
B003,R002,Meeting Room,10,24.48,57.07,2,0.097,0.0,0.01,0.075,0.012,OFF,24,Normal,25.26,66.62,2026-08-28 11:30:00
B003,R003,Server Room,3,22.76,54.79,1,1.214,0.577,0.004,0.623,0.01,ON,22,Normal,27.1,66.61,2026-08-28 11:30:00
B001,R001,Office,12,24.07,53.47,6,0.164,0.0,0.019,0.125,0.02,OFF,24,Normal,26.17,66.98,2026-08-28 11:45:00
B001,R002,Meeting Room,10,24.3,56.45,5,0.129,0.0,0.016,0.095,0.019,OFF,24,Normal,26.69,68.18,2026-08-28 11:45:00
B001,R003,Server Room,3,22.58,58.0,2,1.25,0.581,0.006,0.647,0.016,ON,22,Normal,26.02,72.26,2026-08-28 11:45:00
B002,R001,Office,12,24.57,56.34,9,0.679,0.494,0.024,0.142,0.019,ON,24,Normal,27.3,67.27,2026-08-28 11:45:00
B002,R002,Meeting Room,10,24.62,53.75,0,0.547,0.464,0.006,0.063,0.013,ON,24,Normal,27.32,64.72,2026-08-28 11:45:00
B002,R003,Server Room,3,22.85,56.39,1,1.331,0.689,0.004,0.624,0.015,ON,22,Normal,26.1,68.33,2026-08-28 11:45:00
B003,R001,Office,12,24.66,58.11,0,0.572,0.459,0.008,0.088,0.018,ON,24,Normal,25.87,67.76,2026-08-28 11:45:00
B003,R002,Meeting Room,10,24.53,58.39,4,0.493,0.375,0.014,0.086,0.018,ON,24,Normal,26.130000000000003,69.17,2026-08-28 11:45:00
B003,R003,Server Room,3,22.6,54.08,1,1.202,0.549,0.004,0.638,0.011,ON,22,Normal,26.55,63.24,2026-08-28 11:45:00
B001,R001,Office,12,24.2,52.91,7,0.169,0.0,0.02,0.13,0.018,OFF,24,Normal,26.98,64.73,2026-08-28 12:00:00
B001,R002,Meeting Room,10,24.3,55.57,5,0.128,0.0,0.016,0.093,0.019,OFF,24,Normal,26.83,68.73,2026-08-28 12:00:00
B001,R003,Server Room,3,22.72,56.43,0,1.281,0.623,0.002,0.638,0.018,ON,22,Normal,27.3,64.96,2026-08-28 12:00:00
B002,R001,Office,12,24.86,51.1,8,0.76,0.579,0.023,0.139,0.019,ON,24,Normal,27.34,64.73,2026-08-28 12:00:00
B002,R002,Meeting Room,10,24.71,53.6,1,0.567,0.475,0.008,0.068,0.016,ON,24,Normal,28.630000000000003,63.42,2026-08-28 12:00:00
B002,R003,Server Room,3,22.92,52.85,0,1.389,0.735,0.002,0.64,0.012,ON,22,Normal,27.91,65.42,2026-08-28 12:00:00
B003,R001,Office,12,24.6,53.73,5,0.597,0.449,0.017,0.12,0.011,ON,24,Normal,26.810000000000002,65.92,2026-08-28 12:00:00
B003,R002,Meeting Room,10,24.74,53.2,7,0.549,0.411,0.019,0.104,0.016,ON,24,Normal,27.400000000000002,64.76,2026-08-28 12:00:00
B003,R003,Server Room,3,22.41,54.17,0,1.146,0.499,0.002,0.631,0.014,ON,22,Normal,26.610000000000003,66.7,2026-08-28 12:00:00
B001,R001,Office,12,24.27,51.05,8,0.175,0.0,0.023,0.139,0.014,OFF,24,Normal,27.82,62.57,2026-08-28 12:15:00
B001,R002,Meeting Room,10,24.27,54.21,6,0.13,0.0,0.018,0.101,0.011,OFF,24,Normal,27.51,64.63,2026-08-28 12:15:00
B001,R003,Server Room,3,22.74,54.76,0,1.27,0.621,0.002,0.63,0.017,ON,22,Normal,27.22,65.95,2026-08-28 12:15:00
B002,R001,Office,12,24.67,53.8,6,0.697,0.535,0.019,0.127,0.016,ON,24,Normal,26.57,65.19,2026-08-28 12:15:00
B002,R002,Meeting Room,10,24.65,53.25,4,0.57,0.454,0.013,0.086,0.016,ON,24,Normal,27.75,67.03,2026-08-28 12:15:00
B002,R003,Server Room,3,22.95,53.97,1,1.344,0.71,0.004,0.616,0.015,ON,22,Normal,28.270000000000003,64.59,2026-08-28 12:15:00
B003,R001,Office,12,24.52,58.69,0,0.547,0.434,0.008,0.089,0.017,ON,24,Normal,26.67,70.76,2026-08-28 12:15:00
B003,R002,Meeting Room,10,24.63,51.72,4,0.521,0.406,0.014,0.089,0.012,ON,24,Normal,26.84,61.15,2026-08-28 12:15:00
B003,R003,Server Room,3,22.61,52.67,1,1.205,0.551,0.004,0.638,0.012,ON,22,Normal,26.560000000000002,65.66,2026-08-28 12:15:00
B001,R001,Office,12,24.32,54.75,0,0.111,0.0,0.008,0.089,0.014,OFF,24,Normal,26.81,67.22,2026-08-28 12:30:00
B001,R002,Meeting Room,10,24.38,55.4,0,0.082,0.0,0.006,0.061,0.014,OFF,24,Normal,27.75,67.88,2026-08-28 12:30:00
B001,R003,Server Room,3,22.94,54.84,0,1.328,0.676,0.002,0.631,0.018,ON,22,Normal,26.98,66.94,2026-08-28 12:30:00
B002,R001,Office,12,24.6,52.08,6,0.676,0.515,0.019,0.126,0.016,ON,24,Normal,27.84,63.83,2026-08-28 12:30:00
B002,R002,Meeting Room,10,24.67,53.11,8,0.633,0.48,0.022,0.115,0.015,ON,24,Normal,27.810000000000002,64.03,2026-08-28 12:30:00
B002,R003,Server Room,3,23.0,54.33,1,1.408,0.748,0.004,0.636,0.02,ON,22,Normal,27.860000000000003,62.81,2026-08-28 12:30:00
B003,R001,Office,12,24.5,54.81,5,0.151,0.0,0.017,0.119,0.016,OFF,24,Normal,26.060000000000002,67.92,2026-08-28 12:30:00
B003,R002,Meeting Room,10,24.75,54.58,3,0.538,0.427,0.012,0.082,0.018,ON,24,Normal,26.66,66.93,2026-08-28 12:30:00
B003,R003,Server Room,3,22.6,56.46,0,1.172,0.539,0.002,0.62,0.011,ON,22,Normal,26.59,67.79,2026-08-28 12:30:00
B001,R001,Office,12,24.55,54.06,0,0.567,0.458,0.007,0.087,0.014,ON,24,Normal,26.99,65.39,2026-08-28 12:45:00
B001,R002,Meeting Room,10,24.57,52.41,5,0.535,0.409,0.015,0.093,0.018,ON,24,Normal,26.84,63.74,2026-08-28 12:45:00
B001,R003,Server Room,3,22.89,51.51,1,1.325,0.667,0.004,0.641,0.013,ON,22,Normal,27.81,61.53,2026-08-28 12:45:00
B002,R001,Office,12,24.6,53.33,8,0.689,0.517,0.023,0.14,0.01,ON,24,Warning,28.200000000000003,65.44,2026-08-28 12:45:00
B002,R002,Meeting Room,10,24.64,54.6,9,0.619,0.46,0.023,0.118,0.018,ON,24,Normal,27.020000000000003,66.34,2026-08-28 12:45:00
B002,R003,Server Room,3,23.01,57.69,1,1.405,0.75,0.004,0.635,0.016,ON,22,Normal,27.020000000000003,67.86,2026-08-28 12:45:00
B003,R001,Office,12,24.38,54.26,6,0.156,0.0,0.019,0.125,0.012,OFF,24,Normal,26.35,66.77,2026-08-28 12:45:00
B003,R002,Meeting Room,10,24.77,51.89,4,0.552,0.437,0.014,0.089,0.012,ON,24,Normal,27.270000000000003,63.74,2026-08-28 12:45:00
B003,R003,Server Room,3,22.74,56.36,2,1.258,0.588,0.006,0.648,0.015,ON,22,Normal,26.73,68.59,2026-08-28 12:45:00
B001,R001,Office,12,24.61,52.91,0,0.567,0.46,0.007,0.085,0.015,ON,24,Normal,27.71,63.69,2026-08-28 13:00:00
B001,R002,Meeting Room,10,24.71,54.07,3,0.556,0.447,0.012,0.082,0.015,ON,24,Normal,28.09,61.99,2026-08-28 13:00:00
B001,R003,Server Room,3,22.75,50.5,0,1.24,0.611,0.002,0.617,0.011,ON,22,Normal,27.32,63.01,2026-08-28 13:00:00
B002,R001,Office,12,24.66,52.93,3,0.678,0.538,0.013,0.109,0.017,ON,24,Normal,27.89,62.97,2026-08-28 13:00:00
B002,R002,Meeting Room,10,24.6,51.33,4,0.563,0.446,0.014,0.086,0.018,ON,24,Normal,28.05,61.89,2026-08-28 13:00:00
B002,R003,Server Room,3,23.12,55.07,0,1.425,0.781,0.002,0.627,0.015,ON,22,Normal,27.650000000000002,65.85,2026-08-28 13:00:00
B003,R001,Office,12,24.34,54.65,0,0.112,0.0,0.008,0.089,0.016,OFF,24,Normal,27.01,65.35,2026-08-28 13:00:00
B003,R002,Meeting Room,10,24.65,54.88,2,0.512,0.411,0.01,0.076,0.014,ON,24,Normal,26.69,65.9,2026-08-28 13:00:00
B003,R003,Server Room,3,22.75,51.09,2,1.261,0.593,0.006,0.649,0.014,ON,22,Normal,27.93,60.06,2026-08-28 13:00:00
B001,R001,Office,12,24.39,52.96,2,0.124,0.0,0.011,0.098,0.015,OFF,24,Normal,27.08,63.43,2026-08-28 13:15:00
B001,R002,Meeting Room,10,24.77,57.84,0,0.527,0.444,0.006,0.061,0.016,ON,24,Normal,26.53,66.88,2026-08-28 13:15:00
B001,R003,Server Room,3,22.71,53.39,0,1.257,0.611,0.002,0.627,0.018,ON,22,Normal,28.24,61.25,2026-08-28 13:15:00
B002,R001,Office,12,24.73,46.24,2,0.687,0.554,0.011,0.102,0.019,ON,24,Normal,28.290000000000003,58.07,2026-08-28 13:15:00
B002,R002,Meeting Room,10,24.75,53.51,4,0.587,0.473,0.013,0.085,0.015,ON,24,Normal,28.220000000000002,63.76,2026-08-28 13:15:00
B002,R003,Server Room,3,23.14,55.0,2,1.417,0.769,0.006,0.625,0.017,ON,22,Normal,27.6,63.4,2026-08-28 13:15:00
B003,R001,Office,12,24.4,52.42,6,0.157,0.0,0.019,0.126,0.012,OFF,24,Normal,27.03,64.35,2026-08-28 13:15:00
B003,R002,Meeting Room,10,24.65,51.26,0,0.491,0.407,0.006,0.063,0.015,ON,24,Normal,27.75,61.46,2026-08-28 13:15:00
B003,R003,Server Room,3,22.72,53.25,0,1.203,0.566,0.002,0.617,0.018,ON,22,Normal,27.580000000000002,62.66,2026-08-28 13:15:00
B001,R001,Office,12,24.46,49.09,7,0.165,0.0,0.021,0.132,0.013,OFF,24,Normal,27.89,61.48,2026-08-28 13:30:00
B001,R002,Meeting Room,10,24.97,56.11,5,0.622,0.497,0.016,0.094,0.015,ON,24,Normal,26.93,67.39,2026-08-28 13:30:00
B001,R003,Server Room,3,22.53,54.36,0,1.163,0.542,0.002,0.607,0.012,ON,22,Normal,27.3,66.37,2026-08-28 13:30:00
B002,R001,Office,12,24.87,50.57,8,0.738,0.565,0.022,0.135,0.016,ON,24,Normal,29.0,58.51,2026-08-28 13:30:00
B002,R002,Meeting Room,10,24.58,55.43,6,0.582,0.447,0.017,0.099,0.019,ON,24,Normal,27.68,67.58,2026-08-28 13:30:00
B002,R003,Server Room,3,23.28,55.46,1,1.485,0.831,0.004,0.636,0.013,ON,22,Normal,27.950000000000003,63.8,2026-08-28 13:30:00
B003,R001,Office,12,24.52,53.26,6,0.577,0.422,0.019,0.123,0.013,ON,24,Normal,27.25,63.34,2026-08-28 13:30:00
B003,R002,Meeting Room,10,24.42,54.33,0,0.083,0.0,0.006,0.063,0.014,OFF,24,Normal,26.900000000000002,63.49,2026-08-28 13:30:00
B003,R003,Server Room,3,22.98,54.79,2,1.335,0.658,0.006,0.654,0.017,ON,22,Normal,26.87,65.47,2026-08-28 13:30:00
B001,R001,Office,12,24.61,54.34,7,0.628,0.463,0.02,0.128,0.016,ON,24,Normal,26.68,66.13,2026-08-28 13:45:00
B001,R002,Meeting Room,10,24.87,53.04,6,0.623,0.487,0.018,0.103,0.015,ON,24,Normal,27.44,65.57,2026-08-28 13:45:00
B001,R003,Server Room,3,22.61,54.8,1,1.235,0.585,0.004,0.635,0.012,ON,22,Normal,27.44,67.47,2026-08-28 13:45:00
B002,R001,Office,12,24.83,50.79,0,0.668,0.561,0.007,0.087,0.013,ON,24,Normal,27.62,62.53,2026-08-28 13:45:00
B002,R002,Meeting Room,10,24.7,54.27,2,0.557,0.462,0.01,0.073,0.013,ON,24,Normal,27.92,63.67,2026-08-28 13:45:00
B002,R003,Server Room,3,23.26,54.93,0,1.504,0.84,0.002,0.642,0.02,ON,22,Normal,27.25,65.91,2026-08-28 13:45:00
B003,R001,Office,12,24.67,51.06,9,0.632,0.455,0.024,0.143,0.01,ON,24,Normal,27.150000000000002,63.8,2026-08-28 13:45:00
B003,R002,Meeting Room,10,24.66,54.05,3,0.509,0.403,0.012,0.081,0.014,ON,24,Normal,27.48,65.16,2026-08-28 13:45:00
B003,R003,Server Room,3,22.76,53.07,0,1.243,0.591,0.002,0.632,0.018,ON,22,Normal,27.66,63.46,2026-08-28 13:45:00
B001,R001,Office,12,24.66,50.3,10,0.66,0.475,0.026,0.147,0.012,ON,24,Normal,28.18,63.75,2026-08-28 14:00:00
B001,R002,Meeting Room,10,24.98,50.78,0,0.59,0.505,0.006,0.064,0.015,ON,24,Normal,27.63,65.47,2026-08-28 14:00:00
B001,R003,Server Room,3,22.95,50.6,0,1.309,0.672,0.002,0.624,0.011,ON,22,Normal,28.55,57.9,2026-08-28 14:00:00
B002,R001,Office,12,24.92,49.66,4,0.722,0.579,0.015,0.111,0.017,ON,24,Normal,28.970000000000002,59.3,2026-08-28 14:00:00
B002,R002,Meeting Room,10,24.86,55.19,3,0.621,0.51,0.012,0.081,0.018,ON,24,Normal,27.700000000000003,66.33,2026-08-28 14:00:00
B002,R003,Server Room,3,23.22,55.75,1,1.419,0.785,0.004,0.614,0.016,ON,22,Normal,27.720000000000002,65.65,2026-08-28 14:00:00
B003,R001,Office,12,24.64,52.27,7,0.638,0.463,0.021,0.134,0.019,ON,24,Normal,27.080000000000002,64.13,2026-08-28 14:00:00
B003,R002,Meeting Room,10,24.68,53.85,5,0.52,0.401,0.015,0.092,0.012,ON,24,Normal,28.0,64.16,2026-08-28 14:00:00
B003,R003,Server Room,3,22.87,52.0,0,1.245,0.608,0.002,0.62,0.016,ON,22,Normal,27.610000000000003,63.21,2026-08-28 14:00:00
B001,R001,Office,12,24.6,52.39,9,0.66,0.478,0.025,0.145,0.012,ON,24,Normal,27.76,64.46,2026-08-28 14:15:00
B001,R002,Meeting Room,10,24.97,52.12,0,0.583,0.5,0.006,0.063,0.013,ON,24,Normal,28.07,60.9,2026-08-28 14:15:00
B001,R003,Server Room,3,22.93,52.26,2,1.363,0.685,0.006,0.653,0.019,ON,22,Normal,28.16,62.67,2026-08-28 14:15:00
B002,R001,Office,12,25.05,51.37,8,0.768,0.6,0.022,0.133,0.013,ON,24,Normal,28.400000000000002,63.2,2026-08-28 14:15:00
B002,R002,Meeting Room,10,24.9,55.83,3,0.62,0.511,0.012,0.08,0.017,ON,24,Normal,28.09,68.23,2026-08-28 14:15:00
B002,R003,Server Room,3,23.32,52.4,1,1.493,0.841,0.004,0.633,0.015,ON,22,Normal,27.740000000000002,63.23,2026-08-28 14:15:00
B003,R001,Office,12,24.75,56.37,3,0.619,0.486,0.013,0.108,0.011,ON,24,Normal,27.18,66.0,2026-08-28 14:15:00
B003,R002,Meeting Room,10,24.76,49.72,9,0.593,0.433,0.024,0.121,0.016,ON,24,Normal,28.200000000000003,60.96,2026-08-28 14:15:00
B003,R003,Server Room,3,23.02,54.8,1,1.27,0.636,0.004,0.615,0.016,ON,22,Normal,26.950000000000003,64.55,2026-08-28 14:15:00
B001,R001,Office,12,24.63,51.61,0,0.586,0.479,0.008,0.088,0.012,ON,24,Normal,28.08,62.8,2026-08-28 14:30:00
B001,R002,Meeting Room,10,24.95,51.42,4,0.607,0.494,0.014,0.088,0.011,ON,24,Normal,27.64,63.1,2026-08-28 14:30:00
B001,R003,Server Room,3,23.02,54.4,1,1.332,0.689,0.004,0.628,0.012,ON,22,Normal,27.15,65.83,2026-08-28 14:30:00
B002,R001,Office,12,24.97,56.28,1,0.738,0.618,0.01,0.097,0.014,ON,24,Normal,29.44,67.37,2026-08-28 14:30:00
B002,R002,Meeting Room,10,24.72,56.33,3,0.592,0.482,0.012,0.082,0.016,ON,24,Normal,27.880000000000003,67.25,2026-08-28 14:30:00
B002,R003,Server Room,3,23.33,53.48,0,1.472,0.835,0.002,0.621,0.014,ON,22,Normal,28.580000000000002,58.71,2026-08-28 14:30:00
B003,R001,Office,12,24.4,51.66,2,0.123,0.0,0.011,0.099,0.013,OFF,24,Normal,28.130000000000003,61.74,2026-08-28 14:30:00
B003,R002,Meeting Room,10,24.84,51.57,0,0.523,0.441,0.006,0.063,0.013,ON,24,Normal,27.53,63.03,2026-08-28 14:30:00
B003,R003,Server Room,3,23.17,53.08,0,1.317,0.684,0.002,0.62,0.011,ON,22,Normal,27.720000000000002,62.41,2026-08-28 14:30:00
B001,R001,Office,12,24.66,50.95,6,0.623,0.472,0.018,0.122,0.01,ON,24,Normal,27.51,63.32,2026-08-28 14:45:00
B001,R002,Meeting Room,10,24.71,56.85,4,0.553,0.435,0.014,0.086,0.018,ON,24,Normal,27.33,67.68,2026-08-28 14:45:00
B001,R003,Server Room,3,23.09,52.03,2,1.331,0.693,0.005,0.62,0.013,ON,22,Normal,27.8,63.45,2026-08-28 14:45:00
B002,R001,Office,12,24.99,54.65,0,0.712,0.601,0.007,0.087,0.017,ON,24,Normal,28.810000000000002,64.64,2026-08-28 14:45:00
B002,R002,Meeting Room,10,24.76,54.33,0,0.559,0.478,0.006,0.061,0.014,ON,24,Normal,27.970000000000002,63.24,2026-08-28 14:45:00
B002,R003,Server Room,3,23.3,53.7,1,1.506,0.845,0.004,0.642,0.015,ON,22,Normal,28.32,63.54,2026-08-28 14:45:00
B003,R001,Office,12,24.34,53.1,8,0.173,0.0,0.023,0.138,0.012,OFF,24,Normal,27.89,64.49,2026-08-28 14:45:00
B003,R002,Meeting Room,10,24.85,52.67,2,0.532,0.43,0.01,0.073,0.019,ON,24,Normal,27.470000000000002,64.26,2026-08-28 14:45:00
B003,R003,Server Room,3,23.09,55.82,2,1.309,0.663,0.006,0.63,0.01,ON,22,Normal,27.05,65.26,2026-08-28 14:45:00
B001,R001,Office,12,24.7,52.45,9,0.663,0.482,0.024,0.14,0.017,ON,24,Normal,27.56,64.3,2026-08-28 15:00:00
B001,R002,Meeting Room,10,24.73,49.86,5,0.563,0.44,0.015,0.092,0.015,ON,24,Normal,27.96,61.98,2026-08-28 15:00:00
B001,R003,Server Room,3,23.1,53.95,0,1.372,0.723,0.002,0.631,0.016,ON,22,Normal,28.01,63.06,2026-08-28 15:00:00
B002,R001,Office,12,24.83,54.95,0,0.678,0.571,0.008,0.088,0.011,ON,24,Normal,28.610000000000003,63.86,2026-08-28 15:00:00
B002,R002,Meeting Room,10,24.67,55.26,3,0.563,0.455,0.012,0.079,0.018,ON,24,Normal,28.55,65.07,2026-08-28 15:00:00
B002,R003,Server Room,3,23.53,52.44,1,1.528,0.889,0.004,0.624,0.011,ON,22,Normal,27.990000000000002,60.54,2026-08-28 15:00:00
B003,R001,Office,12,24.43,51.33,9,0.182,0.0,0.024,0.14,0.019,OFF,24,Normal,27.07,62.16,2026-08-28 15:00:00
B003,R002,Meeting Room,10,24.93,49.99,9,0.607,0.453,0.023,0.118,0.013,ON,24,Normal,28.14,61.1,2026-08-28 15:00:00
B003,R003,Server Room,3,23.1,52.98,1,1.353,0.687,0.004,0.646,0.017,ON,22,Normal,27.26,60.28,2026-08-28 15:00:00
B001,R001,Office,12,24.91,48.58,3,0.659,0.531,0.013,0.104,0.012,ON,24,Normal,29.01,59.78,2026-08-28 15:15:00
B001,R002,Meeting Room,10,24.94,55.25,7,0.615,0.477,0.019,0.104,0.015,ON,24,Normal,27.69,62.74,2026-08-28 15:15:00
B001,R003,Server Room,3,23.03,56.56,1,1.347,0.697,0.004,0.633,0.013,ON,22,Normal,27.89,67.52,2026-08-28 15:15:00
B002,R001,Office,12,24.76,52.52,10,0.76,0.561,0.027,0.153,0.018,ON,24,Normal,28.44,65.89,2026-08-28 15:15:00
B002,R002,Meeting Room,10,24.66,54.48,8,0.611,0.46,0.021,0.111,0.019,ON,24,Normal,28.790000000000003,66.66,2026-08-28 15:15:00
B002,R003,Server Room,3,23.34,53.87,1,1.497,0.846,0.004,0.634,0.013,ON,22,Normal,28.290000000000003,64.1,2026-08-28 15:15:00
B003,R001,Office,12,24.66,49.42,5,0.608,0.458,0.017,0.119,0.015,ON,24,Normal,27.880000000000003,60.64,2026-08-28 15:15:00
B003,R002,Meeting Room,10,24.8,55.83,8,0.566,0.424,0.021,0.11,0.011,ON,24,Normal,27.040000000000003,65.82,2026-08-28 15:15:00
B003,R003,Server Room,3,23.25,52.75,2,1.413,0.733,0.006,0.656,0.018,ON,22,Normal,27.69,62.74,2026-08-28 15:15:00
B001,R001,Office,12,25.05,52.97,0,0.691,0.581,0.008,0.089,0.014,ON,24,Normal,27.99,62.7,2026-08-28 15:30:00
B001,R002,Meeting Room,10,25.0,53.96,4,0.609,0.495,0.014,0.086,0.014,ON,24,Normal,27.22,64.63,2026-08-28 15:30:00
B001,R003,Server Room,3,23.02,54.23,0,1.307,0.679,0.002,0.612,0.015,ON,22,Normal,27.41,64.99,2026-08-28 15:30:00
B002,R001,Office,12,24.95,55.77,5,0.758,0.601,0.017,0.12,0.02,ON,24,Normal,27.76,66.01,2026-08-28 15:30:00
B002,R002,Meeting Room,10,24.78,55.54,5,0.609,0.485,0.015,0.092,0.017,ON,24,Normal,28.05,65.53,2026-08-28 15:30:00
B002,R003,Server Room,3,23.53,54.11,1,1.518,0.881,0.004,0.617,0.017,ON,22,Normal,28.520000000000003,66.44,2026-08-28 15:30:00
B003,R001,Office,12,24.54,54.29,0,0.545,0.432,0.008,0.088,0.018,ON,24,Normal,27.07,64.95,2026-08-28 15:30:00
B003,R002,Meeting Room,10,24.83,51.15,7,0.585,0.443,0.02,0.107,0.016,ON,24,Normal,27.17,65.5,2026-08-28 15:30:00
B003,R003,Server Room,3,23.22,51.32,0,1.364,0.714,0.002,0.635,0.013,ON,22,Normal,27.740000000000002,61.98,2026-08-28 15:30:00
B001,R001,Office,12,25.11,53.25,7,0.753,0.588,0.021,0.132,0.012,ON,24,Normal,27.62,66.41,2026-08-28 15:45:00
B001,R002,Meeting Room,10,25.0,54.95,6,0.616,0.485,0.017,0.097,0.016,ON,24,Normal,27.49,65.41,2026-08-28 15:45:00
B001,R003,Server Room,3,23.3,54.04,1,1.41,0.767,0.004,0.628,0.01,ON,22,Normal,27.33,63.32,2026-08-28 15:45:00
B002,R001,Office,12,24.84,50.03,2,0.684,0.557,0.011,0.098,0.018,ON,24,Normal,29.200000000000003,60.92,2026-08-28 15:45:00
B002,R002,Meeting Room,10,24.9,54.34,6,0.644,0.514,0.017,0.099,0.014,ON,24,Normal,28.71,64.37,2026-08-28 15:45:00
B002,R003,Server Room,3,23.58,51.5,0,1.537,0.902,0.002,0.617,0.017,ON,22,Normal,28.740000000000002,62.6,2026-08-28 15:45:00
B003,R001,Office,12,24.54,54.48,0,0.547,0.434,0.008,0.088,0.017,ON,24,Normal,27.42,62.86,2026-08-28 15:45:00
B003,R002,Meeting Room,10,24.68,55.95,3,0.52,0.413,0.012,0.082,0.013,ON,24,Normal,27.48,68.83,2026-08-28 15:45:00
B003,R003,Server Room,3,23.29,51.28,0,1.364,0.721,0.002,0.626,0.016,ON,22,Normal,28.080000000000002,61.5,2026-08-28 15:45:00
B001,R001,Office,12,25.04,54.96,4,0.702,0.565,0.015,0.111,0.012,ON,24,Normal,27.35,66.84,2026-08-28 16:00:00
B001,R002,Meeting Room,10,24.95,55.66,0,0.57,0.485,0.006,0.062,0.017,ON,24,Normal,27.47,66.6,2026-08-28 16:00:00
B001,R003,Server Room,3,23.34,54.37,2,1.452,0.789,0.006,0.644,0.014,ON,22,Normal,27.59,63.79,2026-08-28 16:00:00
B002,R001,Office,12,24.73,50.54,9,0.73,0.543,0.024,0.144,0.019,ON,24,Normal,28.490000000000002,60.69,2026-08-28 16:00:00
B002,R002,Meeting Room,10,24.91,49.3,5,0.653,0.528,0.016,0.095,0.013,ON,24,Normal,28.39,61.65,2026-08-28 16:00:00
B002,R003,Server Room,3,23.45,51.94,1,1.515,0.867,0.004,0.626,0.019,ON,22,Normal,27.94,64.34,2026-08-28 16:00:00
B003,R001,Office,12,24.74,53.98,0,0.589,0.475,0.008,0.088,0.019,ON,24,Normal,27.25,64.46,2026-08-28 16:00:00
B003,R002,Meeting Room,10,24.65,51.64,0,0.473,0.394,0.006,0.061,0.013,ON,24,Normal,26.450000000000003,63.48,2026-08-28 16:00:00
B003,R003,Server Room,3,22.97,55.21,0,1.262,0.63,0.002,0.618,0.012,ON,22,Normal,26.91,64.75,2026-08-28 16:00:00
B001,R001,Office,12,25.05,52.95,0,0.664,0.559,0.007,0.085,0.013,ON,24,Normal,28.16,63.3,2026-08-28 16:15:00
B001,R002,Meeting Room,10,24.98,52.15,0,0.59,0.503,0.006,0.063,0.018,ON,24,Normal,27.99,61.93,2026-08-28 16:15:00
B001,R003,Server Room,3,23.35,52.36,2,1.442,0.785,0.006,0.639,0.013,ON,22,Normal,27.72,60.98,2026-08-28 16:15:00
B002,R001,Office,12,24.82,52.29,9,0.755,0.567,0.024,0.144,0.02,ON,24,Normal,28.09,62.92,2026-08-28 16:15:00
B002,R002,Meeting Room,10,24.87,56.33,5,0.642,0.514,0.016,0.094,0.018,ON,24,Normal,27.67,64.58,2026-08-28 16:15:00
B002,R003,Server Room,3,23.38,56.81,0,1.528,0.876,0.002,0.64,0.011,ON,22,Normal,27.880000000000003,68.7,2026-08-28 16:15:00
B003,R001,Office,12,24.6,54.67,6,0.613,0.449,0.019,0.126,0.019,ON,24,Normal,27.12,64.83,2026-08-28 16:15:00
B003,R002,Meeting Room,10,24.61,55.22,2,0.509,0.404,0.01,0.076,0.018,ON,24,Normal,26.84,65.51,2026-08-28 16:15:00
B003,R003,Server Room,3,22.98,51.47,0,1.301,0.649,0.002,0.632,0.018,ON,22,Normal,28.03,60.67,2026-08-28 16:15:00
B001,R001,Office,12,25.03,54.04,4,0.726,0.581,0.015,0.115,0.015,ON,24,Normal,27.34,65.56,2026-08-28 16:30:00
B001,R002,Meeting Room,10,24.96,51.09,2,0.581,0.481,0.01,0.073,0.017,ON,24,Normal,28.13,60.88,2026-08-28 16:30:00
B001,R003,Server Room,3,23.37,52.64,2,1.423,0.778,0.006,0.628,0.012,ON,22,Normal,27.61,61.46,2026-08-28 16:30:00
B002,R001,Office,12,25.07,51.42,8,0.821,0.641,0.023,0.141,0.015,ON,24,Normal,28.76,63.65,2026-08-28 16:30:00
B002,R002,Meeting Room,10,25.04,54.67,4,0.676,0.556,0.014,0.089,0.018,ON,24,Normal,28.09,65.71,2026-08-28 16:30:00
B002,R003,Server Room,3,23.41,52.48,0,1.49,0.856,0.002,0.618,0.014,ON,22,Normal,28.07,63.96,2026-08-28 16:30:00
B003,R001,Office,12,24.51,52.05,0,0.537,0.428,0.008,0.088,0.013,ON,24,Normal,27.650000000000002,60.04,2026-08-28 16:30:00
B003,R002,Meeting Room,10,24.55,50.1,6,0.53,0.392,0.018,0.102,0.018,ON,24,Normal,27.41,60.69,2026-08-28 16:30:00
B003,R003,Server Room,3,22.9,52.75,0,1.289,0.635,0.002,0.639,0.012,ON,22,Normal,26.810000000000002,63.31,2026-08-28 16:30:00
B001,R001,Office,12,24.77,55.79,0,0.626,0.517,0.008,0.089,0.013,ON,24,Normal,26.88,68.25,2026-08-28 16:45:00
B001,R002,Meeting Room,10,25.04,52.65,0,0.593,0.508,0.006,0.062,0.017,ON,24,Normal,27.95,61.47,2026-08-28 16:45:00
B001,R003,Server Room,3,23.31,53.7,1,1.441,0.78,0.004,0.638,0.02,ON,22,Normal,28.13,63.53,2026-08-28 16:45:00
B002,R001,Office,12,24.92,54.65,1,0.725,0.604,0.01,0.097,0.015,ON,24,Normal,28.42,63.18,2026-08-28 16:45:00
B002,R002,Meeting Room,10,25.09,51.68,0,0.641,0.557,0.006,0.062,0.016,ON,24,Normal,28.64,59.72,2026-08-28 16:45:00
B002,R003,Server Room,3,23.46,49.66,1,1.535,0.884,0.004,0.635,0.012,ON,22,Normal,28.82,60.94,2026-08-28 16:45:00
B003,R001,Office,12,24.56,53.15,10,0.623,0.433,0.026,0.149,0.015,ON,24,Normal,26.82,62.86,2026-08-28 16:45:00
B003,R002,Meeting Room,10,24.69,53.59,7,0.542,0.402,0.019,0.104,0.017,ON,24,Normal,27.19,65.84,2026-08-28 16:45:00
B003,R003,Server Room,3,22.75,57.25,0,1.249,0.597,0.002,0.64,0.011,ON,22,Normal,25.85,67.45,2026-08-28 16:45:00
B001,R001,Office,12,24.93,55.14,3,0.674,0.54,0.013,0.105,0.016,ON,24,Normal,27.26,66.36,2026-08-28 17:00:00
B001,R002,Meeting Room,10,24.9,52.73,6,0.607,0.475,0.017,0.099,0.016,ON,24,Normal,26.73,63.69,2026-08-28 17:00:00
B001,R003,Server Room,3,23.31,54.27,1,1.403,0.76,0.004,0.622,0.018,ON,22,Normal,26.99,65.98,2026-08-28 17:00:00
B002,R001,Office,12,24.72,54.27,0,0.664,0.548,0.008,0.089,0.019,ON,24,Normal,27.44,65.6,2026-08-28 17:00:00
B002,R002,Meeting Room,10,24.96,57.71,7,0.67,0.532,0.019,0.106,0.012,ON,24,Normal,27.3,66.35,2026-08-28 17:00:00
B002,R003,Server Room,3,23.31,51.03,1,1.51,0.847,0.004,0.641,0.019,ON,22,Normal,28.01,61.44,2026-08-28 17:00:00
B003,R001,Office,12,24.5,55.01,0,0.545,0.432,0.008,0.089,0.016,ON,24,Normal,26.96,64.42,2026-08-28 17:00:00
B003,R002,Meeting Room,10,24.72,58.36,0,0.5,0.417,0.006,0.062,0.015,ON,24,Normal,26.84,66.99,2026-08-28 17:00:00
B003,R003,Server Room,3,22.67,53.69,0,1.204,0.563,0.002,0.626,0.013,ON,22,Normal,26.35,65.15,2026-08-28 17:00:00
B001,R001,Office,12,24.72,54.29,0,0.601,0.495,0.007,0.087,0.012,ON,24,Normal,27.02,65.1,2026-08-28 17:15:00
B001,R002,Meeting Room,10,24.67,54.02,6,0.547,0.423,0.017,0.098,0.01,ON,24,Normal,26.82,64.05,2026-08-28 17:15:00
B001,R003,Server Room,3,23.36,55.58,0,1.389,0.768,0.002,0.61,0.01,ON,22,Normal,27.44,64.16,2026-08-28 17:15:00
B002,R001,Office,12,24.67,57.15,0,0.625,0.515,0.007,0.086,0.017,ON,24,Normal,27.43,68.48,2026-08-28 17:15:00
B002,R002,Meeting Room,10,24.84,55.5,3,0.633,0.518,0.012,0.083,0.02,ON,24,Normal,27.5,67.71,2026-08-28 17:15:00
B002,R003,Server Room,3,23.22,54.35,1,1.442,0.797,0.004,0.623,0.019,ON,22,Normal,27.35,68.58,2026-08-28 17:15:00
B003,R001,Office,12,24.61,52.18,4,0.595,0.454,0.015,0.114,0.011,ON,24,Normal,27.19,63.58,2026-08-28 17:15:00
B003,R002,Meeting Room,10,24.69,56.33,2,0.51,0.411,0.01,0.075,0.014,ON,24,Normal,27.01,66.0,2026-08-28 17:15:00
B003,R003,Server Room,3,22.72,52.66,0,1.199,0.565,0.002,0.614,0.017,ON,22,Normal,26.41,64.7,2026-08-28 17:15:00
B001,R001,Office,12,24.59,52.64,2,0.61,0.479,0.011,0.102,0.018,ON,24,Normal,26.88,62.35,2026-08-28 17:30:00
B001,R002,Meeting Room,10,24.61,53.22,4,0.535,0.423,0.014,0.088,0.011,ON,24,Normal,27.18,66.94,2026-08-28 17:30:00
B001,R003,Server Room,3,23.69,57.26,0,1.508,0.87,0.002,0.62,0.016,ON,22,Normal,26.9,67.1,2026-08-28 17:30:00
B002,R001,Office,12,24.7,55.7,5,0.684,0.536,0.017,0.119,0.012,ON,24,Normal,27.19,69.53,2026-08-28 17:30:00
B002,R002,Meeting Room,10,24.79,53.76,4,0.613,0.495,0.014,0.087,0.017,ON,24,Normal,27.48,64.23,2026-08-28 17:30:00
B002,R003,Server Room,3,23.24,55.26,1,1.446,0.801,0.004,0.621,0.02,ON,22,Normal,27.41,66.31,2026-08-28 17:30:00
B003,R001,Office,12,24.3,52.54,0,0.116,0.0,0.008,0.09,0.019,OFF,24,Normal,26.900000000000002,61.97,2026-08-28 17:30:00
B003,R002,Meeting Room,10,24.64,54.75,0,0.487,0.406,0.006,0.063,0.012,ON,24,Normal,26.470000000000002,67.23,2026-08-28 17:30:00
B003,R003,Server Room,3,22.62,51.85,0,1.156,0.533,0.002,0.609,0.012,ON,22,Normal,27.650000000000002,61.61,2026-08-28 17:30:00
B001,R001,Office,12,24.65,52.39,0,0.614,0.498,0.008,0.09,0.019,ON,24,Normal,27.22,63.58,2026-08-28 17:45:00
B001,R002,Meeting Room,10,24.56,57.3,7,0.566,0.42,0.02,0.108,0.019,ON,24,Normal,26.5,71.39,2026-08-28 17:45:00
B001,R003,Server Room,3,23.62,54.95,0,1.516,0.867,0.002,0.632,0.014,ON,22,Normal,26.73,64.99,2026-08-28 17:45:00
B002,R001,Office,12,24.75,56.62,5,0.705,0.55,0.017,0.12,0.019,ON,24,Normal,26.650000000000002,69.2,2026-08-28 17:45:00
B002,R002,Meeting Room,10,24.9,53.51,3,0.628,0.523,0.012,0.082,0.011,ON,24,Normal,28.28,64.12,2026-08-28 17:45:00
B002,R003,Server Room,3,23.24,54.94,1,1.472,0.82,0.004,0.637,0.012,ON,22,Normal,26.92,68.71,2026-08-28 17:45:00
B003,R001,Office,12,24.29,57.44,0,0.107,0.0,0.007,0.087,0.012,OFF,24,Normal,25.700000000000003,69.85,2026-08-28 17:45:00
B003,R002,Meeting Room,10,24.6,53.94,0,0.465,0.386,0.006,0.061,0.012,ON,24,Normal,26.1,64.0,2026-08-28 17:45:00
B003,R003,Server Room,3,22.72,53.1,1,1.241,0.583,0.004,0.641,0.012,ON,22,Normal,27.1,65.37,2026-08-28 17:45:00
B001,R001,Office,12,24.45,56.53,8,0.173,0.0,0.023,0.139,0.011,OFF,24,Normal,25.91,68.94,2026-08-28 18:00:00
B001,R002,Meeting Room,10,24.55,54.52,0,0.503,0.415,0.006,0.063,0.019,ON,24,Normal,26.09,66.4,2026-08-28 18:00:00
B001,R003,Server Room,3,23.4,56.99,2,1.442,0.788,0.006,0.631,0.018,ON,22,Normal,25.99,66.83,2026-08-28 18:00:00
B002,R001,Office,12,24.8,55.04,0,0.669,0.559,0.007,0.087,0.015,ON,24,Normal,27.310000000000002,65.04,2026-08-28 18:00:00
B002,R002,Meeting Room,10,24.9,51.46,8,0.673,0.525,0.022,0.114,0.012,ON,24,Normal,26.66,65.57,2026-08-28 18:00:00
B002,R003,Server Room,3,23.3,59.32,1,1.445,0.814,0.004,0.617,0.01,ON,22,Normal,25.830000000000002,71.43,2026-08-28 18:00:00
B003,R001,Office,12,24.52,53.17,5,0.589,0.434,0.017,0.121,0.016,ON,24,Normal,25.39,65.75,2026-08-28 18:00:00
B003,R002,Meeting Room,10,24.5,55.17,0,0.081,0.0,0.006,0.064,0.011,OFF,24,Normal,25.310000000000002,72.1,2026-08-28 18:00:00
B003,R003,Server Room,3,22.66,56.26,0,1.22,0.566,0.002,0.634,0.018,ON,22,Normal,25.950000000000003,67.68,2026-08-28 18:00:00
B001,R001,Office,12,24.44,54.76,0,0.106,0.0,0.007,0.087,0.012,OFF,24,Normal,26.96,67.16,2026-08-28 18:15:00
B001,R002,Meeting Room,10,24.51,55.1,0,0.487,0.403,0.006,0.063,0.015,ON,24,Normal,26.32,66.88,2026-08-28 18:15:00
B001,R003,Server Room,3,23.45,56.28,0,1.483,0.83,0.002,0.639,0.012,ON,22,Normal,26.79,65.54,2026-08-28 18:15:00
B002,R001,Office,12,24.68,54.95,0,0.644,0.531,0.008,0.088,0.017,ON,24,Normal,26.830000000000002,67.0,2026-08-28 18:15:00
B002,R002,Meeting Room,10,24.75,51.75,7,0.631,0.492,0.02,0.107,0.012,ON,24,Normal,26.85,63.96,2026-08-28 18:15:00
B002,R003,Server Room,3,22.98,58.75,2,1.355,0.716,0.005,0.62,0.013,ON,22,Normal,26.240000000000002,72.38,2026-08-28 18:15:00
B003,R001,Office,12,24.38,57.13,2,0.129,0.0,0.011,0.1,0.017,OFF,24,Normal,25.69,67.52,2026-08-28 18:15:00
B003,R002,Meeting Room,10,24.34,55.01,6,0.137,0.0,0.018,0.102,0.018,OFF,24,Normal,26.130000000000003,67.82,2026-08-28 18:15:00
B003,R003,Server Room,3,22.69,52.92,1,1.221,0.567,0.004,0.631,0.019,ON,22,Normal,25.59,64.42,2026-08-28 18:15:00
B001,R001,Office,12,24.42,55.25,4,0.144,0.0,0.015,0.11,0.019,OFF,24,Normal,26.63,67.54,2026-08-28 18:30:00
B001,R002,Meeting Room,10,24.43,57.35,0,0.084,0.0,0.006,0.062,0.016,OFF,24,Normal,27.0,67.12,2026-08-28 18:30:00
B001,R003,Server Room,3,23.46,57.32,1,1.447,0.804,0.004,0.623,0.016,ON,22,Normal,26.12,66.11,2026-08-28 18:30:00
B002,R001,Office,12,24.63,56.42,0,0.62,0.512,0.007,0.087,0.014,ON,24,Normal,27.23,68.95,2026-08-28 18:30:00
B002,R002,Meeting Room,10,24.5,56.82,1,0.09,0.0,0.008,0.068,0.014,OFF,24,Normal,26.48,66.6,2026-08-28 18:30:00
B002,R003,Server Room,3,23.16,55.75,1,1.468,0.802,0.004,0.641,0.02,ON,22,Normal,27.490000000000002,65.51,2026-08-28 18:30:00
B003,R001,Office,12,24.62,59.4,0,0.554,0.443,0.007,0.086,0.017,ON,24,Normal,25.970000000000002,69.06,2026-08-28 18:30:00
B003,R002,Meeting Room,10,24.3,54.86,4,0.111,0.0,0.013,0.085,0.012,OFF,24,Normal,25.68,66.86,2026-08-28 18:30:00
B003,R003,Server Room,3,22.86,55.54,0,1.235,0.605,0.002,0.618,0.01,ON,22,Normal,26.07,67.59,2026-08-28 18:30:00
B001,R001,Office,12,24.76,54.25,8,0.67,0.498,0.022,0.135,0.015,ON,24,Normal,25.83,68.25,2026-08-28 18:45:00
B001,R002,Meeting Room,10,24.41,51.58,7,0.141,0.0,0.019,0.104,0.019,OFF,24,Normal,26.69,64.9,2026-08-28 18:45:00
B001,R003,Server Room,3,23.42,56.24,0,1.404,0.783,0.002,0.608,0.011,ON,22,Normal,26.05,69.37,2026-08-28 18:45:00
B002,R001,Office,12,24.72,54.7,5,0.688,0.541,0.017,0.119,0.01,ON,24,Normal,26.53,67.05,2026-08-28 18:45:00
B002,R002,Meeting Room,10,24.44,55.45,0,0.082,0.0,0.006,0.063,0.013,OFF,24,Normal,26.73,66.55,2026-08-28 18:45:00
B002,R003,Server Room,3,23.29,56.5,0,1.459,0.824,0.002,0.62,0.014,ON,22,Normal,27.23,65.18,2026-08-28 18:45:00
B003,R001,Office,12,24.61,58.64,6,0.605,0.444,0.019,0.125,0.017,ON,24,Normal,25.020000000000003,73.31,2026-08-28 18:45:00
B003,R002,Meeting Room,10,24.43,51.5,1,0.093,0.0,0.008,0.07,0.015,OFF,24,Normal,25.970000000000002,65.22,2026-08-28 18:45:00
B003,R003,Server Room,3,22.89,56.99,1,1.308,0.635,0.004,0.65,0.019,ON,22,Normal,25.650000000000002,67.04,2026-08-28 18:45:00
B001,R001,Office,12,24.66,57.54,1,0.618,0.499,0.01,0.096,0.013,ON,24,Normal,24.59,69.89,2026-08-28 19:00:00
B001,R002,Meeting Room,10,24.45,58.04,0,0.085,0.0,0.006,0.063,0.015,OFF,24,Normal,24.39,71.64,2026-08-28 19:00:00
B001,R003,Server Room,3,23.34,57.74,0,1.432,0.785,0.002,0.628,0.018,ON,22,Normal,25.4,70.01,2026-08-28 19:00:00
B002,R001,Office,12,24.49,55.71,0,0.106,0.0,0.008,0.088,0.011,OFF,24,Normal,26.18,66.44,2026-08-28 19:00:00
B002,R002,Meeting Room,10,24.54,56.52,3,0.541,0.431,0.012,0.079,0.018,ON,24,Normal,25.880000000000003,68.21,2026-08-28 19:00:00
B002,R003,Server Room,3,23.3,58.17,1,1.482,0.833,0.004,0.632,0.013,ON,22,Normal,25.630000000000003,71.79,2026-08-28 19:00:00
B003,R001,Office,12,24.52,58.97,0,0.541,0.428,0.008,0.088,0.018,ON,24,Normal,23.860000000000003,71.13,2026-08-28 19:00:00
B003,R002,Meeting Room,10,24.35,56.34,4,0.115,0.0,0.013,0.085,0.016,OFF,24,Normal,25.060000000000002,66.09,2026-08-28 19:00:00
B003,R003,Server Room,3,22.73,56.94,1,1.213,0.57,0.004,0.625,0.015,ON,22,Normal,24.740000000000002,69.19,2026-08-28 19:00:00
B001,R001,Office,12,24.64,56.13,7,0.658,0.49,0.021,0.134,0.014,ON,24,Normal,25.4,67.21,2026-08-28 19:15:00
B001,R002,Meeting Room,10,24.55,57.37,0,0.499,0.418,0.006,0.064,0.01,ON,24,Normal,24.68,68.79,2026-08-28 19:15:00
B001,R003,Server Room,3,23.32,55.26,1,1.387,0.757,0.004,0.615,0.011,ON,22,Normal,26.08,67.58,2026-08-28 19:15:00
B002,R001,Office,12,24.24,59.06,2,0.119,0.0,0.011,0.098,0.01,OFF,24,Normal,24.89,71.88,2026-08-28 19:15:00
B002,R002,Meeting Room,10,24.55,58.93,1,0.536,0.448,0.008,0.069,0.011,ON,24,Normal,25.130000000000003,71.95,2026-08-28 19:15:00
B002,R003,Server Room,3,23.42,61.44,0,1.494,0.861,0.002,0.619,0.012,ON,22,Normal,24.84,72.67,2026-08-28 19:15:00
B003,R001,Office,12,24.44,57.74,0,0.107,0.0,0.008,0.088,0.012,OFF,24,Normal,25.23,70.17,2026-08-28 19:15:00
B003,R002,Meeting Room,10,24.39,59.73,0,0.078,0.0,0.006,0.061,0.01,OFF,24,Normal,24.34,72.51,2026-08-28 19:15:00
B003,R003,Server Room,3,22.65,51.48,1,1.181,0.546,0.004,0.62,0.011,ON,22,Normal,25.09,63.48,2026-08-28 19:15:00
B001,R001,Office,12,24.64,58.66,0,0.588,0.479,0.007,0.087,0.014,ON,24,Normal,25.09,71.64,2026-08-28 19:30:00
B001,R002,Meeting Room,10,24.59,60.18,1,0.512,0.416,0.008,0.068,0.02,ON,24,Normal,24.35,71.54,2026-08-28 19:30:00
B001,R003,Server Room,3,23.14,58.94,2,1.393,0.733,0.006,0.644,0.01,ON,22,Normal,24.28,73.16,2026-08-28 19:30:00
B002,R001,Office,12,24.2,59.31,3,0.135,0.0,0.013,0.107,0.014,OFF,24,Normal,25.270000000000003,70.09,2026-08-28 19:30:00
B002,R002,Meeting Room,10,24.61,58.91,0,0.527,0.448,0.006,0.061,0.012,ON,24,Normal,25.59,70.74,2026-08-28 19:30:00
B002,R003,Server Room,3,23.37,54.73,2,1.536,0.864,0.006,0.648,0.018,ON,22,Normal,25.290000000000003,68.4,2026-08-28 19:30:00
B003,R001,Office,12,24.33,60.71,0,0.115,0.0,0.008,0.09,0.017,OFF,24,Normal,24.240000000000002,72.35,2026-08-28 19:30:00
B003,R002,Meeting Room,10,24.36,57.17,0,0.082,0.0,0.006,0.061,0.015,OFF,24,Normal,24.66,68.68,2026-08-28 19:30:00
B003,R003,Server Room,3,22.52,57.12,2,1.153,0.513,0.006,0.625,0.01,ON,22,Normal,24.67,70.79,2026-08-28 19:30:00
B001,R001,Office,12,24.47,57.12,3,0.127,0.0,0.013,0.104,0.01,OFF,24,Normal,24.84,71.46,2026-08-28 19:45:00
B001,R002,Meeting Room,10,24.62,58.76,4,0.535,0.421,0.014,0.087,0.013,ON,24,Normal,24.38,72.26,2026-08-28 19:45:00
B001,R003,Server Room,3,22.98,56.94,1,1.338,0.686,0.004,0.634,0.015,ON,22,Normal,24.46,68.63,2026-08-28 19:45:00
B002,R001,Office,12,24.18,55.95,1,0.122,0.0,0.01,0.095,0.017,OFF,24,Normal,25.85,67.61,2026-08-28 19:45:00
B002,R002,Meeting Room,10,24.67,57.64,4,0.591,0.471,0.014,0.088,0.018,ON,24,Normal,25.880000000000003,70.5,2026-08-28 19:45:00
B002,R003,Server Room,3,23.4,54.86,0,1.463,0.839,0.002,0.608,0.014,ON,22,Normal,25.01,65.51,2026-08-28 19:45:00
B003,R001,Office,12,24.41,59.37,0,0.111,0.0,0.007,0.085,0.018,OFF,24,Normal,25.07,71.39,2026-08-28 19:45:00
B003,R002,Meeting Room,10,24.24,57.28,0,0.084,0.0,0.006,0.062,0.015,OFF,24,Normal,25.25,67.22,2026-08-28 19:45:00
B003,R003,Server Room,3,22.68,54.84,0,1.174,0.549,0.002,0.61,0.013,ON,22,Normal,24.78,68.35,2026-08-28 19:45:00
B001,R001,Office,12,24.22,58.24,0,0.116,0.0,0.008,0.089,0.02,OFF,24,Normal,23.87,72.94,2026-08-28 20:00:00
B001,R002,Meeting Room,10,24.45,58.97,4,0.114,0.0,0.014,0.087,0.014,OFF,24,Normal,23.5,69.75,2026-08-28 20:00:00
B001,R003,Server Room,3,23.06,57.95,1,1.346,0.701,0.004,0.628,0.013,ON,22,Normal,24.24,70.55,2026-08-28 20:00:00
B002,R001,Office,12,24.11,56.44,0,0.111,0.0,0.008,0.088,0.016,OFF,24,Normal,25.020000000000003,67.14,2026-08-28 20:00:00
B002,R002,Meeting Room,10,24.34,60.61,1,0.09,0.0,0.008,0.069,0.013,OFF,24,Normal,24.96,73.33,2026-08-28 20:00:00
B002,R003,Server Room,3,23.13,60.1,0,1.393,0.767,0.002,0.614,0.01,ON,22,Normal,23.5,74.95,2026-08-28 20:00:00
B003,R001,Office,12,24.11,59.99,5,0.153,0.0,0.017,0.121,0.014,OFF,24,Normal,23.5,72.38,2026-08-28 20:00:00
B003,R002,Meeting Room,10,24.26,59.02,0,0.081,0.0,0.006,0.063,0.012,OFF,24,Normal,23.040000000000003,71.83,2026-08-28 20:00:00
B003,R003,Server Room,3,22.67,62.18,1,1.208,0.56,0.004,0.631,0.013,ON,22,Normal,23.78,75.12,2026-08-28 20:00:00
B001,R001,Office,12,24.07,61.53,2,0.129,0.0,0.011,0.099,0.019,OFF,24,Normal,23.78,74.38,2026-08-28 20:15:00
B001,R002,Meeting Room,10,24.28,55.85,0,0.081,0.0,0.006,0.063,0.011,OFF,24,Normal,23.0,69.87,2026-08-28 20:15:00
B001,R003,Server Room,3,22.93,57.45,1,1.341,0.679,0.004,0.642,0.016,ON,22,Normal,23.4,71.13,2026-08-28 20:15:00
B002,R001,Office,12,23.97,58.71,5,0.152,0.0,0.017,0.117,0.019,OFF,24,Normal,25.28,71.63,2026-08-28 20:15:00
B002,R002,Meeting Room,10,24.43,56.65,0,0.079,0.0,0.006,0.063,0.011,OFF,24,Normal,24.630000000000003,68.59,2026-08-28 20:15:00
B002,R003,Server Room,3,23.03,58.77,1,1.423,0.764,0.004,0.642,0.013,ON,22,Normal,24.18,70.51,2026-08-28 20:15:00
B003,R001,Office,12,24.25,57.86,0,0.111,0.0,0.007,0.085,0.019,OFF,24,Normal,23.860000000000003,70.39,2026-08-28 20:15:00
B003,R002,Meeting Room,10,24.08,59.39,1,0.089,0.0,0.008,0.068,0.012,OFF,24,Normal,22.520000000000003,74.59,2026-08-28 20:15:00
B003,R003,Server Room,3,22.44,61.46,0,1.138,0.501,0.002,0.623,0.012,ON,22,Normal,22.82,71.02,2026-08-28 20:15:00
B001,R001,Office,12,24.19,57.27,4,0.148,0.0,0.015,0.115,0.018,OFF,24,Normal,23.88,68.72,2026-08-28 20:30:00
B001,R002,Meeting Room,10,24.21,57.14,4,0.119,0.0,0.014,0.089,0.016,OFF,24,Normal,22.97,70.14,2026-08-28 20:30:00
B001,R003,Server Room,3,22.87,61.61,0,1.317,0.662,0.002,0.636,0.017,ON,22,Normal,23.27,74.71,2026-08-28 20:30:00
B002,R001,Office,12,24.05,60.78,0,0.107,0.0,0.008,0.088,0.012,OFF,24,Normal,24.8,71.25,2026-08-28 20:30:00
B002,R002,Meeting Room,10,24.22,58.09,1,0.094,0.0,0.008,0.068,0.018,OFF,24,Normal,24.23,73.74,2026-08-28 20:30:00
B002,R003,Server Room,3,22.73,57.47,0,1.285,0.652,0.002,0.614,0.018,ON,22,Normal,24.520000000000003,70.57,2026-08-28 20:30:00
B003,R001,Office,12,24.13,62.23,6,0.16,0.0,0.019,0.128,0.013,OFF,24,Normal,23.580000000000002,75.91,2026-08-28 20:30:00
B003,R002,Meeting Room,10,23.86,62.58,0,0.082,0.0,0.006,0.063,0.012,OFF,24,Normal,23.080000000000002,76.51,2026-08-28 20:30:00
B003,R003,Server Room,3,22.49,59.91,1,1.194,0.528,0.004,0.648,0.014,ON,22,Normal,23.85,71.38,2026-08-28 20:30:00
B001,R001,Office,12,24.37,59.35,2,0.125,0.0,0.012,0.103,0.011,OFF,24,Normal,24.35,72.74,2026-08-28 20:45:00
B001,R002,Meeting Room,10,24.11,58.86,2,0.096,0.0,0.01,0.075,0.011,OFF,24,Normal,24.36,68.71,2026-08-28 20:45:00
B001,R003,Server Room,3,22.87,60.42,2,1.317,0.655,0.006,0.641,0.014,ON,22,Normal,22.83,72.46,2026-08-28 20:45:00
B002,R001,Office,12,24.01,59.21,0,0.109,0.0,0.008,0.088,0.014,OFF,24,Normal,24.700000000000003,73.84,2026-08-28 20:45:00
B002,R002,Meeting Room,10,24.16,60.87,0,0.083,0.0,0.006,0.062,0.015,OFF,24,Normal,23.62,72.08,2026-08-28 20:45:00
B002,R003,Server Room,3,22.67,58.25,0,1.257,0.631,0.002,0.613,0.012,ON,22,Normal,24.310000000000002,72.45,2026-08-28 20:45:00
B003,R001,Office,12,24.2,58.89,4,0.14,0.0,0.015,0.111,0.014,OFF,24,Normal,23.43,74.66,2026-08-28 20:45:00
B003,R002,Meeting Room,10,23.91,58.85,3,0.106,0.0,0.012,0.081,0.014,OFF,24,Normal,24.69,71.2,2026-08-28 20:45:00
B003,R003,Server Room,3,22.38,60.34,0,1.105,0.477,0.002,0.612,0.014,ON,22,Normal,23.19,74.16,2026-08-28 20:45:00
B001,R001,Office,12,24.26,57.91,0,0.112,0.0,0.007,0.087,0.017,OFF,24,Normal,21.88,73.82,2026-08-28 21:00:00
B001,R002,Meeting Room,10,24.08,60.16,0,0.086,0.0,0.006,0.061,0.018,OFF,24,Normal,22.5,72.63,2026-08-28 21:00:00
B001,R003,Server Room,3,22.65,58.7,1,1.279,0.609,0.004,0.649,0.016,ON,22,Normal,22.98,74.06,2026-08-28 21:00:00
B002,R001,Office,12,24.07,62.81,0,0.114,0.0,0.008,0.09,0.017,OFF,24,Normal,22.950000000000003,75.03,2026-08-28 21:00:00
B002,R002,Meeting Room,10,24.2,57.97,0,0.09,0.0,0.006,0.064,0.02,OFF,24,Normal,23.18,69.9,2026-08-28 21:00:00
B002,R003,Server Room,3,22.49,61.31,1,1.253,0.594,0.004,0.635,0.02,ON,22,Normal,23.23,70.82,2026-08-28 21:00:00
B003,R001,Office,12,24.07,61.5,1,0.122,0.0,0.01,0.095,0.018,OFF,24,Normal,22.110000000000003,73.69,2026-08-28 21:00:00
B003,R002,Meeting Room,10,23.91,63.35,1,0.088,0.0,0.008,0.067,0.013,OFF,24,Normal,21.89,74.74,2026-08-28 21:00:00
B003,R003,Server Room,3,22.38,60.23,1,1.167,0.498,0.004,0.645,0.02,ON,22,Normal,22.59,70.99,2026-08-28 21:00:00
B001,R001,Office,12,24.24,58.15,5,0.149,0.0,0.017,0.119,0.013,OFF,24,Normal,22.98,70.13,2026-08-28 21:15:00
B001,R002,Meeting Room,10,24.18,61.54,0,0.08,0.0,0.006,0.063,0.011,OFF,24,Normal,22.74,73.1,2026-08-28 21:15:00
B001,R003,Server Room,3,22.28,59.38,1,1.15,0.494,0.004,0.637,0.015,ON,22,Normal,22.33,70.95,2026-08-28 21:15:00
B002,R001,Office,12,23.95,58.82,2,0.133,0.0,0.011,0.101,0.02,OFF,24,Normal,23.34,72.54,2026-08-28 21:15:00
B002,R002,Meeting Room,10,24.08,56.32,0,0.088,0.0,0.006,0.063,0.019,OFF,24,Normal,23.42,69.7,2026-08-28 21:15:00
B002,R003,Server Room,3,22.23,58.63,0,0.644,0.0,0.002,0.628,0.014,OFF,22,Normal,23.020000000000003,71.32,2026-08-28 21:15:00
B003,R001,Office,12,24.05,54.91,2,0.126,0.0,0.011,0.097,0.018,OFF,24,Normal,21.970000000000002,68.58,2026-08-28 21:15:00
B003,R002,Meeting Room,10,23.69,56.79,3,0.11,0.0,0.012,0.083,0.015,OFF,24,Normal,22.450000000000003,71.45,2026-08-28 21:15:00
B003,R003,Server Room,3,22.4,58.59,0,1.121,0.483,0.002,0.616,0.02,ON,22,Normal,23.0,72.2,2026-08-28 21:15:00
B001,R001,Office,12,23.97,58.89,2,0.12,0.0,0.011,0.097,0.012,OFF,24,Normal,21.99,73.24,2026-08-28 21:30:00
B001,R002,Meeting Room,10,23.9,60.39,1,0.09,0.0,0.008,0.067,0.015,OFF,24,Normal,22.49,74.16,2026-08-28 21:30:00
B001,R003,Server Room,3,22.41,60.75,1,1.175,0.525,0.004,0.629,0.017,ON,22,Normal,22.18,75.21,2026-08-28 21:30:00
B002,R001,Office,12,24.04,58.52,2,0.129,0.0,0.011,0.099,0.018,OFF,24,Normal,23.07,72.08,2026-08-28 21:30:00
B002,R002,Meeting Room,10,24.09,57.29,0,0.084,0.0,0.006,0.063,0.015,OFF,24,Normal,23.26,70.11,2026-08-28 21:30:00
B002,R003,Server Room,3,22.25,59.64,1,1.203,0.534,0.004,0.648,0.018,ON,22,Normal,21.21,70.06,2026-08-28 21:30:00
B003,R001,Office,12,23.97,59.09,0,0.111,0.0,0.008,0.088,0.016,OFF,24,Normal,21.490000000000002,72.36,2026-08-28 21:30:00
B003,R002,Meeting Room,10,23.82,59.74,0,0.085,0.0,0.006,0.062,0.016,OFF,24,Normal,22.78,74.07,2026-08-28 21:30:00
B003,R003,Server Room,3,22.36,56.6,0,1.128,0.483,0.002,0.628,0.015,ON,22,Normal,22.17,69.89,2026-08-28 21:30:00
B001,R001,Office,12,24.02,58.41,4,0.149,0.0,0.015,0.115,0.018,OFF,24,Normal,21.42,73.29,2026-08-28 21:45:00
B001,R002,Meeting Room,10,23.87,61.36,0,0.082,0.0,0.006,0.063,0.013,OFF,24,Normal,22.47,73.89,2026-08-28 21:45:00
B001,R003,Server Room,3,22.29,57.88,2,1.129,0.486,0.006,0.627,0.011,ON,22,Normal,23.34,72.63,2026-08-28 21:45:00
B002,R001,Office,12,23.8,61.1,2,0.129,0.0,0.011,0.1,0.018,OFF,24,Normal,22.84,72.74,2026-08-28 21:45:00
B002,R002,Meeting Room,10,24.0,59.2,2,0.098,0.0,0.01,0.077,0.011,OFF,24,Normal,22.470000000000002,71.26,2026-08-28 21:45:00
B002,R003,Server Room,3,22.17,62.52,0,0.657,0.0,0.002,0.638,0.016,OFF,22,Normal,21.84,75.44,2026-08-28 21:45:00
B003,R001,Office,12,23.98,59.12,0,0.106,0.0,0.007,0.087,0.012,OFF,24,Normal,22.44,72.5,2026-08-28 21:45:00
B003,R002,Meeting Room,10,23.77,56.68,0,0.08,0.0,0.006,0.062,0.011,OFF,24,Normal,21.28,67.96,2026-08-28 21:45:00
B003,R003,Server Room,3,22.26,60.11,1,1.121,0.463,0.004,0.644,0.01,ON,22,Normal,21.830000000000002,75.36,2026-08-28 21:45:00
B001,R001,Office,12,23.79,56.9,1,0.113,0.0,0.009,0.093,0.011,OFF,24,Normal,21.24,71.51,2026-08-28 22:00:00
B001,R002,Meeting Room,10,23.84,55.82,0,0.086,0.0,0.006,0.061,0.019,OFF,24,Normal,21.67,71.57,2026-08-28 22:00:00
B001,R003,Server Room,3,21.96,61.11,1,0.652,0.0,0.004,0.628,0.02,OFF,22,Normal,20.55,73.24,2026-08-28 22:00:00
B002,R001,Office,12,23.64,60.18,0,0.111,0.0,0.008,0.089,0.014,OFF,24,Normal,21.26,71.69,2026-08-28 22:00:00
B002,R002,Meeting Room,10,24.02,56.4,1,0.096,0.0,0.008,0.069,0.019,OFF,24,Normal,21.37,69.63,2026-08-28 22:00:00
B002,R003,Server Room,3,21.96,61.05,0,0.659,0.0,0.002,0.639,0.018,OFF,22,Normal,21.41,73.1,2026-08-28 22:00:00
B003,R001,Office,12,23.66,58.4,3,0.135,0.0,0.013,0.107,0.015,OFF,24,Normal,21.09,71.2,2026-08-28 22:00:00
B003,R002,Meeting Room,10,23.88,56.86,2,0.097,0.0,0.01,0.077,0.01,OFF,24,Normal,21.35,70.47,2026-08-28 22:00:00
B003,R003,Server Room,3,22.29,59.1,0,1.12,0.469,0.002,0.634,0.015,ON,22,Normal,20.68,71.3,2026-08-28 22:00:00
B001,R001,Office,12,23.55,56.0,3,0.132,0.0,0.013,0.104,0.015,OFF,24,Normal,20.85,70.17,2026-08-28 22:15:00
B001,R002,Meeting Room,10,23.8,58.52,3,0.111,0.0,0.012,0.081,0.018,OFF,24,Normal,21.74,70.7,2026-08-28 22:15:00
B001,R003,Server Room,3,22.03,61.63,1,0.635,0.0,0.004,0.62,0.011,OFF,22,Normal,21.59,73.76,2026-08-28 22:15:00
B002,R001,Office,12,23.57,54.3,0,0.114,0.0,0.008,0.088,0.019,OFF,24,Normal,22.130000000000003,68.76,2026-08-28 22:15:00
B002,R002,Meeting Room,10,23.84,59.66,0,0.081,0.0,0.006,0.061,0.014,OFF,24,Normal,20.5,75.07,2026-08-28 22:15:00
B002,R003,Server Room,3,21.93,60.28,0,0.65,0.0,0.002,0.632,0.015,OFF,22,Normal,21.75,74.35,2026-08-28 22:15:00
B003,R001,Office,12,23.53,56.9,2,0.125,0.0,0.011,0.102,0.011,OFF,24,Normal,20.810000000000002,67.79,2026-08-28 22:15:00
B003,R002,Meeting Room,10,23.8,58.33,0,0.081,0.0,0.006,0.062,0.013,OFF,24,Normal,21.080000000000002,71.01,2026-08-28 22:15:00
B003,R003,Server Room,3,22.08,59.03,1,0.647,0.0,0.004,0.624,0.019,OFF,22,Normal,20.89,72.44,2026-08-28 22:15:00
B001,R001,Office,12,23.48,58.63,3,0.139,0.0,0.013,0.107,0.018,OFF,24,Normal,21.48,73.18,2026-08-28 22:30:00
B001,R002,Meeting Room,10,23.69,53.82,4,0.122,0.0,0.014,0.089,0.019,OFF,24,Normal,21.37,67.13,2026-08-28 22:30:00
B001,R003,Server Room,3,21.88,57.91,1,0.654,0.0,0.004,0.634,0.017,OFF,22,Normal,20.38,68.79,2026-08-28 22:30:00
B002,R001,Office,12,23.5,57.7,4,0.139,0.0,0.015,0.113,0.011,OFF,24,Normal,22.220000000000002,70.07,2026-08-28 22:30:00
B002,R002,Meeting Room,10,24.01,61.47,0,0.078,0.0,0.006,0.061,0.011,OFF,24,Normal,22.3,75.41,2026-08-28 22:30:00
B002,R003,Server Room,3,21.85,59.53,2,0.665,0.0,0.006,0.642,0.018,OFF,22,Normal,21.41,73.65,2026-08-28 22:30:00
B003,R001,Office,12,23.53,60.05,0,0.112,0.0,0.008,0.089,0.014,OFF,24,Normal,20.860000000000003,74.12,2026-08-28 22:30:00
B003,R002,Meeting Room,10,23.79,60.56,0,0.079,0.0,0.006,0.062,0.011,OFF,24,Normal,21.12,72.98,2026-08-28 22:30:00
B003,R003,Server Room,3,22.18,61.03,0,0.622,0.0,0.002,0.607,0.013,OFF,22,Normal,21.0,73.34,2026-08-28 22:30:00
B001,R001,Office,12,23.51,60.25,4,0.147,0.0,0.015,0.115,0.017,OFF,24,Normal,21.35,72.44,2026-08-28 22:45:00
B001,R002,Meeting Room,10,23.79,59.19,3,0.107,0.0,0.012,0.079,0.016,OFF,24,Normal,21.25,74.73,2026-08-28 22:45:00
B001,R003,Server Room,3,21.87,57.07,1,0.648,0.0,0.004,0.633,0.011,OFF,22,Normal,20.95,68.5,2026-08-28 22:45:00
B002,R001,Office,12,23.49,62.28,0,0.107,0.0,0.008,0.089,0.011,OFF,24,Normal,22.1,74.47,2026-08-28 22:45:00
B002,R002,Meeting Room,10,23.97,59.27,0,0.087,0.0,0.006,0.062,0.019,OFF,24,Normal,21.6,72.35,2026-08-28 22:45:00
B002,R003,Server Room,3,21.83,60.33,0,0.637,0.0,0.002,0.617,0.018,OFF,22,Normal,22.53,72.76,2026-08-28 22:45:00
B003,R001,Office,12,23.63,63.07,1,0.123,0.0,0.01,0.095,0.019,OFF,24,Normal,21.3,74.62,2026-08-28 22:45:00
B003,R002,Meeting Room,10,23.73,53.9,4,0.123,0.0,0.014,0.09,0.019,OFF,24,Normal,20.76,68.4,2026-08-28 22:45:00
B003,R003,Server Room,3,22.25,59.81,0,0.629,0.0,0.002,0.614,0.013,OFF,22,Normal,19.720000000000002,71.58,2026-08-28 22:45:00
B001,R001,Office,12,23.41,58.53,1,0.121,0.0,0.009,0.093,0.018,OFF,24,Normal,19.96,67.9,2026-08-28 23:00:00
B001,R002,Meeting Room,10,23.66,58.48,1,0.097,0.0,0.008,0.07,0.019,OFF,24,Normal,21.01,70.41,2026-08-28 23:00:00
B001,R003,Server Room,3,21.85,58.02,2,0.671,0.0,0.006,0.647,0.018,OFF,22,Normal,20.05,72.1,2026-08-28 23:00:00
B002,R001,Office,12,23.3,62.75,1,0.119,0.0,0.009,0.092,0.018,OFF,24,Normal,19.96,73.13,2026-08-28 23:00:00
B002,R002,Meeting Room,10,23.87,58.73,0,0.082,0.0,0.006,0.061,0.016,OFF,24,Normal,20.51,68.88,2026-08-28 23:00:00
B002,R003,Server Room,3,21.95,58.66,0,0.627,0.0,0.002,0.614,0.011,OFF,22,Normal,20.610000000000003,71.6,2026-08-28 23:00:00
B003,R001,Office,12,23.67,61.99,0,0.11,0.0,0.007,0.086,0.017,OFF,24,Normal,18.93,73.2,2026-08-28 23:00:00
B003,R002,Meeting Room,10,23.53,60.69,0,0.085,0.0,0.006,0.061,0.018,OFF,24,Normal,19.28,71.79,2026-08-28 23:00:00
B003,R003,Server Room,3,21.9,56.95,1,0.642,0.0,0.004,0.628,0.01,OFF,22,Normal,19.53,70.25,2026-08-28 23:00:00
B001,R001,Office,12,23.45,61.77,0,0.107,0.0,0.008,0.089,0.01,OFF,24,Normal,19.44,74.27,2026-08-28 23:15:00
B001,R002,Meeting Room,10,23.66,60.18,0,0.082,0.0,0.006,0.063,0.013,OFF,24,Normal,20.0,72.0,2026-08-28 23:15:00
B001,R003,Server Room,3,21.74,58.06,1,0.639,0.0,0.004,0.622,0.013,OFF,22,Normal,20.4,69.65,2026-08-28 23:15:00
B002,R001,Office,12,23.37,60.27,1,0.124,0.0,0.01,0.096,0.018,OFF,24,Normal,20.91,73.7,2026-08-28 23:15:00
B002,R002,Meeting Room,10,23.66,58.41,3,0.101,0.0,0.012,0.079,0.011,OFF,24,Normal,19.990000000000002,70.14,2026-08-28 23:15:00
B002,R003,Server Room,3,21.94,59.14,0,0.644,0.0,0.002,0.623,0.019,OFF,22,Normal,20.770000000000003,72.96,2026-08-28 23:15:00
B003,R001,Office,12,23.49,59.37,4,0.139,0.0,0.015,0.112,0.013,OFF,24,Normal,20.34,70.87,2026-08-28 23:15:00
B003,R002,Meeting Room,10,23.4,57.74,3,0.103,0.0,0.012,0.081,0.01,OFF,24,Normal,20.150000000000002,69.62,2026-08-28 23:15:00
B003,R003,Server Room,3,22.05,57.05,0,0.643,0.0,0.002,0.623,0.018,OFF,22,Normal,18.69,69.49,2026-08-28 23:15:00
B001,R001,Office,12,23.36,56.26,1,0.119,0.0,0.009,0.093,0.016,OFF,24,Normal,20.36,69.93,2026-08-28 23:30:00
B001,R002,Meeting Room,10,23.62,55.27,2,0.101,0.0,0.01,0.077,0.013,OFF,24,Normal,19.76,69.33,2026-08-28 23:30:00
B001,R003,Server Room,3,21.95,57.26,1,0.633,0.0,0.004,0.614,0.015,OFF,22,Normal,20.0,72.29,2026-08-28 23:30:00
B002,R001,Office,12,23.46,58.72,0,0.107,0.0,0.007,0.087,0.012,OFF,24,Normal,21.82,72.23,2026-08-28 23:30:00
B002,R002,Meeting Room,10,23.47,59.79,0,0.081,0.0,0.006,0.062,0.013,OFF,24,Normal,20.150000000000002,73.55,2026-08-28 23:30:00
B002,R003,Server Room,3,21.84,59.87,0,0.651,0.0,0.002,0.63,0.019,OFF,22,Normal,20.880000000000003,73.98,2026-08-28 23:30:00
B003,R001,Office,12,23.45,55.98,0,0.115,0.0,0.008,0.089,0.018,OFF,24,Normal,19.150000000000002,68.6,2026-08-28 23:30:00
B003,R002,Meeting Room,10,23.39,59.74,2,0.099,0.0,0.01,0.075,0.014,OFF,24,Normal,20.03,72.28,2026-08-28 23:30:00
B003,R003,Server Room,3,21.92,59.77,1,0.643,0.0,0.004,0.62,0.019,OFF,22,Normal,20.1,73.61,2026-08-28 23:30:00
B001,R001,Office,12,23.46,58.25,3,0.131,0.0,0.013,0.106,0.012,OFF,24,Normal,20.42,70.68,2026-08-28 23:45:00
B001,R002,Meeting Room,10,23.48,59.44,0,0.086,0.0,0.006,0.061,0.018,OFF,24,Normal,19.41,71.76,2026-08-28 23:45:00
B001,R003,Server Room,3,22.03,58.61,0,0.659,0.0,0.002,0.641,0.017,OFF,22,Normal,20.65,71.12,2026-08-28 23:45:00
B002,R001,Office,12,23.5,58.58,1,0.116,0.0,0.009,0.094,0.013,OFF,24,Normal,20.01,71.69,2026-08-28 23:45:00
B002,R002,Meeting Room,10,23.41,57.72,3,0.112,0.0,0.012,0.083,0.018,OFF,24,Normal,20.93,70.0,2026-08-28 23:45:00
B002,R003,Server Room,3,21.96,56.25,0,0.64,0.0,0.002,0.62,0.017,OFF,22,Normal,20.01,68.84,2026-08-28 23:45:00
B003,R001,Office,12,23.4,55.48,4,0.147,0.0,0.015,0.112,0.02,OFF,24,Normal,19.64,69.73,2026-08-28 23:45:00
B003,R002,Meeting Room,10,23.28,58.61,0,0.087,0.0,0.006,0.062,0.019,OFF,24,Normal,19.330000000000002,71.2,2026-08-28 23:45:00
B003,R003,Server Room,3,21.92,60.08,1,0.644,0.0,0.004,0.622,0.018,OFF,22,Normal,20.03,71.16,2026-08-28 23:45:00
